finding_id,product,cve_id,cvss,epss,kev,internet_exposed,asset_criticality,data_sensitivity,patch_available,compensating_control,status,due_date,first_scored_at
SYN-0001,Synthetic Product,CVE-2026-34380,5.0,0.0191,0,0,2,5,1,0,OPEN,2026-06-27,2026-07-20
SYN-0002,Synthetic Product,CVE-2019-48708,7.3,0.0986,0,1,5,5,1,0,OPEN,2026-06-02,2026-07-20
SYN-0003,Synthetic Product,CVE-2024-47843,8.4,0.2548,0,1,3,2,1,1,OPEN,2026-07-24,2026-07-20
SYN-0004,Synthetic Product,CVE-2025-61556,8.4,0.1668,0,0,3,5,1,0,OPEN,2026-09-17,2026-07-20
SYN-0005,Synthetic Product,CVE-2024-53874,7.5,0.1165,0,1,4,4,1,1,OPEN,2026-08-13,2026-07-20
SYN-0006,Synthetic Product,CVE-2024-38198,8.3,0.2141,0,1,1,4,1,0,OPEN,2026-09-19,2026-07-20
SYN-0007,Synthetic Product,CVE-2026-79784,8.1,0.0638,0,0,1,2,1,0,OPEN,2026-07-30,2026-07-20
SYN-0008,Synthetic Product,CVE-2024-69693,4.2,0.2046,0,0,4,2,1,1,OPEN,2026-09-05,2026-07-20
SYN-0009,Synthetic Product,CVE-2018-40431,8.7,0.1837,0,0,4,2,1,0,OPEN,2026-07-27,2026-07-20
SYN-0010,Synthetic Product,CVE-2023-88965,6.7,0.3206,1,0,5,2,1,1,OPEN,2026-07-28,2026-07-20
SYN-0011,Synthetic Product,CVE-2020-65716,9.3,0.2564,0,0,4,4,1,0,OPEN,2026-08-14,2026-07-20
SYN-0012,Synthetic Product,CVE-2023-63331,7.9,0.0288,0,0,1,2,1,1,OPEN,2026-08-19,2026-07-20
SYN-0013,Synthetic Product,CVE-2025-75733,8.2,0.0884,0,0,3,2,1,0,OPEN,2026-08-22,2026-07-20
SYN-0014,Synthetic Product,CVE-2022-11936,8.4,0.1264,0,0,2,4,0,1,OPEN,2026-08-05,2026-07-20
SYN-0015,Synthetic Product,CVE-2021-51284,7.6,0.117,0,1,3,5,1,0,OPEN,2026-08-07,2026-07-20
SYN-0016,Synthetic Product,CVE-2023-24861,9.3,0.4653,0,1,2,3,1,1,OPEN,2026-08-04,2026-07-20
SYN-0017,Synthetic Product,CVE-2020-84840,7.5,0.3128,0,1,4,2,1,1,OPEN,2026-09-27,2026-07-20
SYN-0018,Synthetic Product,CVE-2025-37425,6.8,0.2054,0,1,5,2,1,0,OPEN,2026-10-18,2026-07-20
SYN-0019,Synthetic Product,CVE-2024-24846,7.1,0.2863,0,1,2,1,1,0,OPEN,2026-07-25,2026-07-20
SYN-0020,Synthetic Product,CVE-2021-9915,7.9,0.1278,0,1,5,4,0,0,OPEN,2026-05-22,2026-07-20
SYN-0021,Synthetic Product,CVE-2024-84703,7.6,0.2816,0,1,5,2,1,1,OPEN,2026-10-09,2026-07-20
SYN-0022,Synthetic Product,CVE-2022-40370,7.3,0.6715,0,0,1,2,0,0,OPEN,2026-08-09,2026-07-20
SYN-0023,Synthetic Product,CVE-2019-53400,9.8,0.3823,1,1,5,2,0,0,OPEN,2026-08-05,2026-07-20
SYN-0024,Synthetic Product,CVE-2025-88402,9.1,0.1291,0,0,2,4,0,1,OPEN,2026-08-08,2026-07-20
SYN-0025,Synthetic Product,CVE-2023-73819,9.7,0.0483,0,0,5,2,1,0,OPEN,2026-09-20,2026-07-20
SYN-0026,Synthetic Product,CVE-2018-38437,7.5,0.0492,0,0,1,4,0,0,OPEN,2026-06-06,2026-07-20
SYN-0027,Synthetic Product,CVE-2020-8092,8.7,0.1686,0,1,3,2,1,0,OPEN,2026-05-22,2026-07-20
SYN-0028,Synthetic Product,CVE-2023-13721,9.9,0.2232,0,1,3,1,1,1,OPEN,2026-07-18,2026-07-20
SYN-0029,Synthetic Product,CVE-2020-33644,8.1,0.0423,0,0,5,3,1,0,OPEN,2026-08-24,2026-07-20
SYN-0030,Synthetic Product,CVE-2025-55952,4.3,0.2033,0,0,4,1,1,0,OPEN,2026-07-03,2026-07-20
SYN-0031,Synthetic Product,CVE-2021-77512,8.9,0.0611,0,0,3,2,0,0,OPEN,2026-06-03,2026-07-20
SYN-0032,Synthetic Product,CVE-2023-30392,9.1,0.4703,0,1,3,4,1,1,OPEN,2026-06-22,2026-07-20
SYN-0033,Synthetic Product,CVE-2023-30401,7.2,0.0812,0,1,2,3,1,0,OPEN,2026-07-28,2026-07-20
SYN-0034,Synthetic Product,CVE-2025-78023,4.3,0.0011,0,0,4,1,1,1,OPEN,2026-10-08,2026-07-20
SYN-0035,Synthetic Product,CVE-2025-16029,5.8,0.6304,0,1,5,3,0,1,OPEN,2026-07-28,2026-07-20
SYN-0036,Synthetic Product,CVE-2022-49592,5.1,0.1019,0,0,4,3,0,0,OPEN,2026-09-21,2026-07-20
SYN-0037,Synthetic Product,CVE-2022-54524,8.1,0.2946,0,1,5,2,1,0,OPEN,2026-08-05,2026-07-20
SYN-0038,Synthetic Product,CVE-2021-41713,8.4,0.0041,0,0,1,2,0,0,OPEN,2026-06-06,2026-07-20
SYN-0039,Synthetic Product,CVE-2019-60385,9.0,0.0013,0,0,1,2,1,1,OPEN,2026-08-10,2026-07-20
SYN-0040,Synthetic Product,CVE-2021-83484,5.3,0.3472,0,1,3,2,1,0,OPEN,2026-10-18,2026-07-20
SYN-0041,Synthetic Product,CVE-2023-8325,8.3,0.1257,0,1,2,4,0,0,OPEN,2026-10-09,2026-07-20
SYN-0042,Synthetic Product,CVE-2026-51125,9.9,0.1007,0,1,4,1,1,0,OPEN,2026-09-12,2026-07-20
SYN-0043,Synthetic Product,CVE-2024-51130,8.9,0.1663,0,0,5,1,0,0,OPEN,2026-06-03,2026-07-20
SYN-0044,Synthetic Product,CVE-2025-67456,8.5,0.0348,0,0,3,2,1,0,OPEN,2026-10-09,2026-07-20
SYN-0045,Synthetic Product,CVE-2020-3973,7.7,0.2661,0,1,2,1,1,1,OPEN,2026-07-22,2026-07-20
SYN-0046,Synthetic Product,CVE-2026-13216,8.8,0.0642,0,0,5,3,1,0,OPEN,2026-07-28,2026-07-20
SYN-0047,Synthetic Product,CVE-2018-49194,4.3,0.2908,0,0,5,4,1,0,OPEN,2026-06-21,2026-07-20
SYN-0048,Synthetic Product,CVE-2023-48021,7.2,0.5188,1,1,1,5,1,1,OPEN,2026-09-12,2026-07-20
SYN-0049,Synthetic Product,CVE-2018-41201,8.1,0.2244,0,0,4,1,1,0,OPEN,2026-10-05,2026-07-20
SYN-0050,Synthetic Product,CVE-2018-43655,7.5,0.4802,0,0,3,5,1,0,OPEN,2026-08-16,2026-07-20
SYN-0051,Synthetic Product,CVE-2022-5231,9.9,0.1046,0,1,2,4,1,0,OPEN,2026-09-22,2026-07-20
SYN-0052,Synthetic Product,CVE-2018-23252,8.6,0.1653,0,1,2,1,1,0,OPEN,2026-09-18,2026-07-20
SYN-0053,Synthetic Product,CVE-2018-34126,8.5,0.0787,0,0,4,1,1,0,OPEN,2026-09-07,2026-07-20
SYN-0054,Synthetic Product,CVE-2023-9107,9.4,0.2794,0,1,3,2,0,1,OPEN,2026-09-16,2026-07-20
SYN-0055,Synthetic Product,CVE-2022-3437,4.7,0.2499,0,0,2,4,1,0,OPEN,2026-07-23,2026-07-20
SYN-0056,Synthetic Product,CVE-2023-66148,7.8,0.0084,0,0,3,3,0,1,OPEN,2026-09-23,2026-07-20
SYN-0057,Synthetic Product,CVE-2026-91614,8.7,0.0943,0,1,3,3,0,0,OPEN,2026-08-17,2026-07-20
SYN-0058,Synthetic Product,CVE-2019-26020,8.4,0.0883,0,0,3,1,1,1,OPEN,2026-08-20,2026-07-20
SYN-0059,Synthetic Product,CVE-2026-88329,8.1,0.1494,0,0,4,3,1,0,OPEN,2026-07-25,2026-07-20
SYN-0060,Synthetic Product,CVE-2023-69910,8.7,0.1891,0,1,2,3,0,1,OPEN,2026-10-05,2026-07-20
SYN-0061,Synthetic Product,CVE-2018-7826,7.1,0.1266,0,1,2,3,1,0,OPEN,2026-08-24,2026-07-20
SYN-0062,Synthetic Product,CVE-2019-75676,7.2,0.3105,1,0,3,1,1,1,OPEN,2026-08-25,2026-07-20
SYN-0063,Synthetic Product,CVE-2025-93412,5.0,0.6662,1,0,3,2,0,1,OPEN,2026-09-24,2026-07-20
SYN-0064,Synthetic Product,CVE-2019-79330,6.5,0.003,0,0,3,4,1,0,OPEN,2026-05-22,2026-07-20
SYN-0065,Synthetic Product,CVE-2024-91037,7.2,0.309,0,0,1,4,1,0,OPEN,2026-08-14,2026-07-20
SYN-0066,Synthetic Product,CVE-2023-48239,5.4,0.0418,0,0,4,2,1,0,OPEN,2026-09-03,2026-07-20
SYN-0067,Synthetic Product,CVE-2021-95585,9.1,0.4015,1,0,4,3,1,0,OPEN,2026-09-27,2026-07-20
SYN-0068,Synthetic Product,CVE-2018-21900,8.0,0.3171,0,0,3,1,1,0,OPEN,2026-08-29,2026-07-20
SYN-0069,Synthetic Product,CVE-2026-65921,6.4,0.0002,0,0,5,3,1,0,OPEN,2026-08-22,2026-07-20
SYN-0070,Synthetic Product,CVE-2021-86727,6.1,0.4412,1,1,4,1,0,0,OPEN,2026-05-22,2026-07-20
SYN-0071,Synthetic Product,CVE-2019-65078,8.4,0.2323,0,0,2,3,0,0,OPEN,2026-09-07,2026-07-20
SYN-0072,Synthetic Product,CVE-2018-28332,8.7,0.3338,0,0,2,3,1,0,OPEN,2026-08-30,2026-07-20
SYN-0073,Synthetic Product,CVE-2023-31782,8.4,0.0769,0,0,3,1,1,0,OPEN,2026-09-25,2026-07-20
SYN-0074,Synthetic Product,CVE-2023-22537,9.8,0.1214,0,0,3,1,1,0,OPEN,2026-10-03,2026-07-20
SYN-0075,Synthetic Product,CVE-2021-57516,6.5,0.2489,0,0,3,1,1,0,OPEN,2026-10-18,2026-07-20
SYN-0076,Synthetic Product,CVE-2022-17581,5.4,0.545,1,1,2,1,1,0,OPEN,2026-10-10,2026-07-20
SYN-0077,Synthetic Product,CVE-2024-2603,7.5,0.2711,0,0,3,2,1,0,OPEN,2026-10-13,2026-07-20
SYN-0078,Synthetic Product,CVE-2025-85718,7.1,0.3069,0,1,1,1,1,0,OPEN,2026-08-04,2026-07-20
SYN-0079,Synthetic Product,CVE-2020-58266,7.3,0.0238,0,0,2,1,0,0,OPEN,2026-09-03,2026-07-20
SYN-0080,Synthetic Product,CVE-2018-64571,8.7,0.1044,0,1,2,3,1,0,OPEN,2026-09-24,2026-07-20
SYN-0081,Synthetic Product,CVE-2020-27243,9.2,0.0171,0,0,5,3,1,0,OPEN,2026-05-31,2026-07-20
SYN-0082,Synthetic Product,CVE-2020-47296,8.1,0.1473,0,0,1,4,0,0,OPEN,2026-08-15,2026-07-20
SYN-0083,Synthetic Product,CVE-2025-52263,8.2,0.1069,0,0,3,4,1,0,OPEN,2026-09-30,2026-07-20
SYN-0084,Synthetic Product,CVE-2018-98646,7.9,0.0044,0,0,1,5,1,0,OPEN,2026-08-15,2026-07-20
SYN-0085,Synthetic Product,CVE-2024-41514,7.4,0.0878,0,0,2,4,1,1,OPEN,2026-08-02,2026-07-20
SYN-0086,Synthetic Product,CVE-2022-60483,5.8,0.002,0,0,4,1,1,0,OPEN,2026-08-11,2026-07-20
SYN-0087,Synthetic Product,CVE-2023-52078,7.0,0.171,0,1,3,3,1,0,OPEN,2026-09-12,2026-07-20
SYN-0088,Synthetic Product,CVE-2025-51676,7.7,0.5562,0,1,5,3,0,1,OPEN,2026-06-18,2026-07-20
SYN-0089,Synthetic Product,CVE-2019-33522,7.5,0.1055,0,0,3,3,0,0,OPEN,2026-10-11,2026-07-20
SYN-0090,Synthetic Product,CVE-2021-52662,4.5,0.1402,0,1,4,1,1,1,OPEN,2026-09-09,2026-07-20
SYN-0091,Synthetic Product,CVE-2023-79924,8.7,0.19,0,0,4,1,0,1,OPEN,2026-08-08,2026-07-20
SYN-0092,Synthetic Product,CVE-2019-14290,7.5,0.1905,0,0,3,1,1,1,OPEN,2026-08-16,2026-07-20
SYN-0093,Synthetic Product,CVE-2018-80589,6.1,0.4425,0,1,4,4,1,0,OPEN,2026-10-04,2026-07-20
SYN-0094,Synthetic Product,CVE-2026-93861,8.4,0.0768,0,0,4,2,0,0,OPEN,2026-08-04,2026-07-20
SYN-0095,Synthetic Product,CVE-2023-78225,5.4,0.329,0,1,4,4,1,0,OPEN,2026-07-26,2026-07-20
SYN-0096,Synthetic Product,CVE-2024-20207,7.5,0.3032,0,1,2,2,1,0,OPEN,2026-08-29,2026-07-20
SYN-0097,Synthetic Product,CVE-2023-54227,7.7,0.0498,0,0,4,2,1,0,OPEN,2026-09-15,2026-07-20
SYN-0098,Synthetic Product,CVE-2019-15197,4.4,0.2914,0,0,2,2,1,0,OPEN,2026-10-02,2026-07-20
SYN-0099,Synthetic Product,CVE-2025-10546,7.7,0.0136,0,0,2,4,0,1,OPEN,2026-10-15,2026-07-20
SYN-0100,Synthetic Product,CVE-2019-41877,8.1,0.4843,1,1,5,3,0,0,OPEN,2026-08-24,2026-07-20
SYN-0101,Synthetic Product,CVE-2020-83831,5.7,0.1293,0,1,1,3,1,0,OPEN,2026-07-13,2026-07-20
SYN-0102,Synthetic Product,CVE-2025-11768,9.1,0.1311,0,0,3,3,1,0,OPEN,2026-10-11,2026-07-20
SYN-0103,Synthetic Product,CVE-2020-5794,9.7,0.0722,0,0,4,1,1,0,OPEN,2026-10-04,2026-07-20
SYN-0104,Synthetic Product,CVE-2021-73552,9.0,0.1634,0,0,4,3,1,0,OPEN,2026-07-27,2026-07-20
SYN-0105,Synthetic Product,CVE-2025-3243,7.5,0.3182,0,0,5,4,0,1,OPEN,2026-09-02,2026-07-20
SYN-0106,Synthetic Product,CVE-2024-86308,8.7,0.5449,0,0,5,2,1,0,OPEN,2026-10-06,2026-07-20
SYN-0107,Synthetic Product,CVE-2018-64192,8.8,0.1085,0,1,4,2,1,0,OPEN,2026-08-15,2026-07-20
SYN-0108,Synthetic Product,CVE-2025-42543,7.8,0.3511,0,0,4,4,1,0,OPEN,2026-09-29,2026-07-20
SYN-0109,Synthetic Product,CVE-2020-43255,6.6,0.0029,0,0,2,5,0,1,OPEN,2026-10-06,2026-07-20
SYN-0110,Synthetic Product,CVE-2019-41036,9.4,0.0054,0,0,3,3,1,0,OPEN,2026-10-09,2026-07-20
SYN-0111,Synthetic Product,CVE-2025-6153,8.2,0.0978,0,1,5,3,0,0,OPEN,2026-10-14,2026-07-20
SYN-0112,Synthetic Product,CVE-2019-23039,8.8,0.0146,0,0,4,4,1,0,OPEN,2026-09-21,2026-07-20
SYN-0113,Synthetic Product,CVE-2018-75312,7.4,0.0311,0,0,1,4,1,0,OPEN,2026-07-04,2026-07-20
SYN-0114,Synthetic Product,CVE-2025-19895,7.1,0.296,0,0,4,1,1,0,OPEN,2026-08-19,2026-07-20
SYN-0115,Synthetic Product,CVE-2025-76427,8.4,0.3036,0,0,5,3,1,0,OPEN,2026-08-12,2026-07-20
SYN-0116,Synthetic Product,CVE-2026-26300,5.9,0.2383,0,0,4,2,1,0,OPEN,2026-09-04,2026-07-20
SYN-0117,Synthetic Product,CVE-2019-51159,5.9,0.3094,1,0,5,4,1,0,OPEN,2026-10-13,2026-07-20
SYN-0118,Synthetic Product,CVE-2018-55840,4.6,0.3142,0,1,5,3,1,0,OPEN,2026-08-01,2026-07-20
SYN-0119,Synthetic Product,CVE-2026-84581,10.0,0.169,0,1,4,3,0,0,OPEN,2026-09-01,2026-07-20
SYN-0120,Synthetic Product,CVE-2025-96176,7.1,0.3176,0,0,4,1,1,0,OPEN,2026-08-25,2026-07-20
SYN-0121,Synthetic Product,CVE-2020-28377,8.6,0.3594,0,1,3,2,1,0,OPEN,2026-10-16,2026-07-20
SYN-0122,Synthetic Product,CVE-2021-65769,9.7,0.047,0,0,4,5,1,1,OPEN,2026-07-22,2026-07-20
SYN-0123,Synthetic Product,CVE-2024-19533,9.9,0.3206,1,0,5,3,0,1,OPEN,2026-09-02,2026-07-20
SYN-0124,Synthetic Product,CVE-2020-49810,8.6,0.184,0,0,3,2,1,1,OPEN,2026-09-07,2026-07-20
SYN-0125,Synthetic Product,CVE-2019-79648,5.2,0.3771,0,1,4,4,1,1,OPEN,2026-06-24,2026-07-20
SYN-0126,Synthetic Product,CVE-2025-12881,9.6,0.1546,0,0,1,5,1,0,OPEN,2026-08-27,2026-07-20
SYN-0127,Synthetic Product,CVE-2018-71376,7.2,0.0214,0,0,5,5,1,0,OPEN,2026-09-12,2026-07-20
SYN-0128,Synthetic Product,CVE-2024-67501,6.8,0.0324,0,0,1,2,1,0,OPEN,2026-10-11,2026-07-20
SYN-0129,Synthetic Product,CVE-2026-23933,8.4,0.0816,0,0,3,4,1,0,OPEN,2026-10-17,2026-07-20
SYN-0130,Synthetic Product,CVE-2024-75516,8.1,0.0967,0,0,2,5,1,0,OPEN,2026-09-20,2026-07-20
SYN-0131,Synthetic Product,CVE-2018-17070,8.4,0.3023,0,0,2,1,1,0,OPEN,2026-09-05,2026-07-20
SYN-0132,Synthetic Product,CVE-2025-12057,6.0,0.0914,0,1,3,2,0,0,OPEN,2026-10-08,2026-07-20
SYN-0133,Synthetic Product,CVE-2018-13562,7.6,0.1956,0,0,3,2,0,1,OPEN,2026-08-19,2026-07-20
SYN-0134,Synthetic Product,CVE-2019-59373,7.2,0.3672,0,1,3,1,1,0,OPEN,2026-07-26,2026-07-20
SYN-0135,Synthetic Product,CVE-2023-92921,7.3,0.1585,0,0,5,4,0,0,OPEN,2026-08-24,2026-07-20
SYN-0136,Synthetic Product,CVE-2019-74964,4.6,0.2704,0,0,4,3,0,1,OPEN,2026-08-07,2026-07-20
SYN-0137,Synthetic Product,CVE-2020-21509,7.4,0.015,0,0,3,2,1,0,OPEN,2026-07-02,2026-07-20
SYN-0138,Synthetic Product,CVE-2026-8029,6.0,0.0955,0,1,3,3,1,0,OPEN,2026-08-17,2026-07-20
SYN-0139,Synthetic Product,CVE-2024-55888,7.8,0.4729,1,0,2,3,1,0,OPEN,2026-07-17,2026-07-20
SYN-0140,Synthetic Product,CVE-2023-77679,9.9,0.0229,0,0,3,3,1,1,OPEN,2026-08-06,2026-07-20
SYN-0141,Synthetic Product,CVE-2021-92224,7.2,0.0288,0,0,4,1,1,0,OPEN,2026-09-04,2026-07-20
SYN-0142,Synthetic Product,CVE-2019-98512,8.7,0.0105,0,0,1,1,0,0,OPEN,2026-07-21,2026-07-20
SYN-0143,Synthetic Product,CVE-2024-8316,4.4,0.0006,0,0,3,2,1,0,OPEN,2026-08-23,2026-07-20
SYN-0144,Synthetic Product,CVE-2022-15693,8.8,0.0022,0,0,2,4,0,0,OPEN,2026-09-14,2026-07-20
SYN-0145,Synthetic Product,CVE-2019-16315,7.3,0.4456,0,0,2,3,1,1,OPEN,2026-10-11,2026-07-20
SYN-0146,Synthetic Product,CVE-2026-94255,4.7,0.0677,0,0,1,3,0,0,OPEN,2026-08-26,2026-07-20
SYN-0147,Synthetic Product,CVE-2019-97004,7.4,0.0949,0,1,1,4,0,0,OPEN,2026-08-13,2026-07-20
SYN-0148,Synthetic Product,CVE-2020-5918,5.3,0.1726,0,0,5,3,1,1,OPEN,2026-10-15,2026-07-20
SYN-0149,Synthetic Product,CVE-2022-83178,5.2,0.1149,0,1,3,2,1,0,OPEN,2026-09-12,2026-07-20
SYN-0150,Synthetic Product,CVE-2026-89048,8.1,0.0044,0,0,2,5,1,1,OPEN,2026-09-04,2026-07-20
SYN-0151,Synthetic Product,CVE-2021-36518,7.7,0.0094,0,0,4,3,1,0,OPEN,2026-08-18,2026-07-20
SYN-0152,Synthetic Product,CVE-2018-34946,8.4,0.0272,0,0,4,2,1,0,OPEN,2026-07-30,2026-07-20
SYN-0153,Synthetic Product,CVE-2026-66348,7.7,0.0251,0,0,4,3,0,0,OPEN,2026-09-12,2026-07-20
SYN-0154,Synthetic Product,CVE-2022-75675,8.9,0.0957,0,0,5,1,1,1,OPEN,2026-07-25,2026-07-20
SYN-0155,Synthetic Product,CVE-2024-93042,4.8,0.0811,0,1,4,5,0,0,OPEN,2026-08-03,2026-07-20
SYN-0156,Synthetic Product,CVE-2024-48621,7.5,0.2674,0,0,5,3,1,1,OPEN,2026-06-04,2026-07-20
SYN-0157,Synthetic Product,CVE-2022-77865,7.1,0.1648,0,0,2,2,1,0,OPEN,2026-08-10,2026-07-20
SYN-0158,Synthetic Product,CVE-2018-71857,9.0,0.1765,0,0,3,2,1,0,OPEN,2026-09-21,2026-07-20
SYN-0159,Synthetic Product,CVE-2023-46283,8.7,0.0824,0,1,4,1,1,0,OPEN,2026-08-09,2026-07-20
SYN-0160,Synthetic Product,CVE-2018-64157,7.7,0.0011,0,0,3,4,1,0,OPEN,2026-06-23,2026-07-20
SYN-0161,Synthetic Product,CVE-2018-90087,9.0,0.1497,0,0,5,3,1,0,OPEN,2026-07-18,2026-07-20
SYN-0162,Synthetic Product,CVE-2025-48489,9.4,0.0035,0,0,2,1,1,0,OPEN,2026-08-07,2026-07-20
SYN-0163,Synthetic Product,CVE-2025-13494,6.4,0.2392,0,0,2,1,0,1,OPEN,2026-08-05,2026-07-20
SYN-0164,Synthetic Product,CVE-2025-86370,8.5,0.256,0,0,3,3,1,1,OPEN,2026-06-25,2026-07-20
SYN-0165,Synthetic Product,CVE-2019-48844,8.3,0.0257,0,0,1,3,0,0,OPEN,2026-06-02,2026-07-20
SYN-0166,Synthetic Product,CVE-2022-17480,8.3,0.1531,0,0,5,1,1,0,OPEN,2026-05-23,2026-07-20
SYN-0167,Synthetic Product,CVE-2026-28530,8.4,0.3595,0,0,5,5,1,0,OPEN,2026-10-10,2026-07-20
SYN-0168,Synthetic Product,CVE-2019-63455,8.7,0.1143,0,0,1,3,0,0,OPEN,2026-09-19,2026-07-20
SYN-0169,Synthetic Product,CVE-2019-46948,6.1,0.3242,0,1,2,2,0,1,OPEN,2026-08-10,2026-07-20
SYN-0170,Synthetic Product,CVE-2023-40332,6.2,0.166,0,1,4,5,0,0,OPEN,2026-10-04,2026-07-20
SYN-0171,Synthetic Product,CVE-2019-71587,5.7,0.3972,0,1,2,3,1,1,OPEN,2026-08-27,2026-07-20
SYN-0172,Synthetic Product,CVE-2018-92070,6.1,0.653,1,1,3,2,1,1,OPEN,2026-08-29,2026-07-20
SYN-0173,Synthetic Product,CVE-2026-32098,8.9,0.1138,0,1,1,4,1,0,OPEN,2026-08-11,2026-07-20
SYN-0174,Synthetic Product,CVE-2023-39681,9.4,0.1089,0,1,3,2,1,0,OPEN,2026-07-21,2026-07-20
SYN-0175,Synthetic Product,CVE-2025-49322,7.2,0.0693,0,0,4,3,0,0,OPEN,2026-08-21,2026-07-20
SYN-0176,Synthetic Product,CVE-2025-45926,4.8,0.0058,0,0,5,2,1,0,OPEN,2026-09-08,2026-07-20
SYN-0177,Synthetic Product,CVE-2022-43470,7.4,0.4165,0,1,5,2,1,1,OPEN,2026-08-31,2026-07-20
SYN-0178,Synthetic Product,CVE-2023-24117,5.7,0.4835,1,0,2,1,0,0,OPEN,2026-08-29,2026-07-20
SYN-0179,Synthetic Product,CVE-2018-96495,8.2,0.056,0,0,3,3,0,1,OPEN,2026-10-13,2026-07-20
SYN-0180,Synthetic Product,CVE-2024-5391,6.0,0.001,0,0,2,2,1,0,OPEN,2026-08-18,2026-07-20
SYN-0181,Synthetic Product,CVE-2022-86994,9.4,0.2046,0,1,3,2,0,0,OPEN,2026-07-26,2026-07-20
SYN-0182,Synthetic Product,CVE-2020-42986,8.3,0.0026,0,0,2,4,1,0,OPEN,2026-10-01,2026-07-20
SYN-0183,Synthetic Product,CVE-2024-13258,4.4,0.0115,0,0,5,3,1,0,OPEN,2026-05-24,2026-07-20
SYN-0184,Synthetic Product,CVE-2021-64043,8.3,0.1211,0,0,3,4,1,0,OPEN,2026-10-09,2026-07-20
SYN-0185,Synthetic Product,CVE-2025-3411,9.4,0.154,0,0,3,5,1,1,OPEN,2026-07-28,2026-07-20
SYN-0186,Synthetic Product,CVE-2023-59861,7.5,0.0077,0,0,1,4,0,0,OPEN,2026-09-02,2026-07-20
SYN-0187,Synthetic Product,CVE-2021-14118,10.0,0.2265,0,0,3,3,1,0,OPEN,2026-05-22,2026-07-20
SYN-0188,Synthetic Product,CVE-2019-52789,7.6,0.3372,0,0,3,2,1,1,OPEN,2026-10-03,2026-07-20
SYN-0189,Synthetic Product,CVE-2021-96068,8.3,0.002,0,0,2,4,1,0,OPEN,2026-08-08,2026-07-20
SYN-0190,Synthetic Product,CVE-2018-78237,8.3,0.0706,0,0,3,3,1,0,OPEN,2026-06-16,2026-07-20
SYN-0191,Synthetic Product,CVE-2020-53268,7.4,0.0792,0,0,2,5,1,0,OPEN,2026-08-17,2026-07-20
SYN-0192,Synthetic Product,CVE-2024-13246,9.1,0.0554,0,0,3,2,1,0,OPEN,2026-08-18,2026-07-20
SYN-0193,Synthetic Product,CVE-2021-37038,7.2,0.3819,1,0,3,3,0,0,OPEN,2026-09-10,2026-07-20
SYN-0194,Synthetic Product,CVE-2022-99048,8.0,0.1293,0,0,3,5,1,1,OPEN,2026-08-09,2026-07-20
SYN-0195,Synthetic Product,CVE-2019-43770,9.9,0.2114,0,0,1,4,1,0,OPEN,2026-08-07,2026-07-20
SYN-0196,Synthetic Product,CVE-2018-59805,7.4,0.2432,0,0,5,3,1,0,OPEN,2026-05-30,2026-07-20
SYN-0197,Synthetic Product,CVE-2018-55515,8.2,0.0004,0,0,1,2,1,1,OPEN,2026-09-29,2026-07-20
SYN-0198,Synthetic Product,CVE-2025-6458,7.2,0.1361,0,1,3,3,1,1,OPEN,2026-06-07,2026-07-20
SYN-0199,Synthetic Product,CVE-2018-13304,8.9,0.1664,0,1,3,2,0,0,OPEN,2026-10-04,2026-07-20
SYN-0200,Synthetic Product,CVE-2021-90679,8.1,0.0838,0,0,3,3,1,0,OPEN,2026-08-23,2026-07-20
SYN-0201,Synthetic Product,CVE-2021-67411,7.9,0.1254,0,0,1,2,1,1,OPEN,2026-09-29,2026-07-20
SYN-0202,Synthetic Product,CVE-2022-58395,8.1,0.0723,0,0,3,1,0,1,OPEN,2026-09-17,2026-07-20
SYN-0203,Synthetic Product,CVE-2022-4695,9.9,0.1316,0,0,2,4,1,0,OPEN,2026-09-14,2026-07-20
SYN-0204,Synthetic Product,CVE-2026-83398,6.7,0.1353,0,0,4,3,1,1,OPEN,2026-06-26,2026-07-20
SYN-0205,Synthetic Product,CVE-2020-64552,9.5,0.2687,0,1,1,4,1,0,OPEN,2026-09-20,2026-07-20
SYN-0206,Synthetic Product,CVE-2025-46600,9.2,0.1689,0,1,3,5,1,1,OPEN,2026-09-29,2026-07-20
SYN-0207,Synthetic Product,CVE-2018-55187,4.8,0.0144,0,0,2,3,1,1,OPEN,2026-10-06,2026-07-20
SYN-0208,Synthetic Product,CVE-2023-47088,9.8,0.0218,0,0,3,5,1,0,OPEN,2026-10-16,2026-07-20
SYN-0209,Synthetic Product,CVE-2025-82908,6.4,0.4628,0,0,3,3,1,0,OPEN,2026-05-27,2026-07-20
SYN-0210,Synthetic Product,CVE-2023-13236,7.2,0.114,0,0,2,3,1,0,OPEN,2026-09-30,2026-07-20
SYN-0211,Synthetic Product,CVE-2026-46717,8.2,0.3581,1,0,3,4,1,1,OPEN,2026-07-26,2026-07-20
SYN-0212,Synthetic Product,CVE-2019-63268,7.6,0.1617,0,1,2,5,1,0,OPEN,2026-06-16,2026-07-20
SYN-0213,Synthetic Product,CVE-2025-41770,8.0,0.1354,0,0,4,4,1,1,OPEN,2026-06-07,2026-07-20
SYN-0214,Synthetic Product,CVE-2018-6927,10.0,0.232,0,1,3,1,1,1,OPEN,2026-09-01,2026-07-20
SYN-0215,Synthetic Product,CVE-2021-31909,8.5,0.2865,0,0,3,1,1,0,OPEN,2026-08-28,2026-07-20
SYN-0216,Synthetic Product,CVE-2024-98271,7.9,0.251,0,1,2,3,0,0,OPEN,2026-06-21,2026-07-20
SYN-0217,Synthetic Product,CVE-2019-97935,7.6,0.1037,0,1,3,4,1,0,OPEN,2026-07-21,2026-07-20
SYN-0218,Synthetic Product,CVE-2018-49250,6.7,0.0218,0,0,3,4,0,0,OPEN,2026-09-04,2026-07-20
SYN-0219,Synthetic Product,CVE-2018-12259,10.0,0.0824,0,0,2,4,1,0,OPEN,2026-07-11,2026-07-20
SYN-0220,Synthetic Product,CVE-2026-35129,5.0,0.2087,0,0,3,1,1,0,OPEN,2026-09-25,2026-07-20
SYN-0221,Synthetic Product,CVE-2022-99970,4.3,0.0448,0,0,4,3,0,1,OPEN,2026-08-20,2026-07-20
SYN-0222,Synthetic Product,CVE-2022-37124,7.1,0.2466,0,0,2,1,1,0,OPEN,2026-08-22,2026-07-20
SYN-0223,Synthetic Product,CVE-2023-71706,7.4,0.1113,0,0,4,2,0,0,OPEN,2026-09-21,2026-07-20
SYN-0224,Synthetic Product,CVE-2024-20959,8.6,0.1283,0,1,4,5,1,0,OPEN,2026-10-01,2026-07-20
SYN-0225,Synthetic Product,CVE-2023-38176,4.5,0.4481,1,0,4,1,1,0,OPEN,2026-09-23,2026-07-20
SYN-0226,Synthetic Product,CVE-2024-92509,7.9,0.0856,0,0,2,3,1,0,OPEN,2026-06-28,2026-07-20
SYN-0227,Synthetic Product,CVE-2021-79326,7.7,0.7465,1,0,5,4,0,0,OPEN,2026-07-26,2026-07-20
SYN-0228,Synthetic Product,CVE-2026-78443,7.3,0.3535,0,0,3,3,1,0,OPEN,2026-06-06,2026-07-20
SYN-0229,Synthetic Product,CVE-2026-52828,7.3,0.404,0,1,2,3,1,0,OPEN,2026-08-26,2026-07-20
SYN-0230,Synthetic Product,CVE-2026-33860,4.5,0.1515,0,0,4,1,1,0,OPEN,2026-08-11,2026-07-20
SYN-0231,Synthetic Product,CVE-2022-84060,4.6,0.3901,1,0,2,2,0,0,OPEN,2026-09-28,2026-07-20
SYN-0232,Synthetic Product,CVE-2023-94845,8.4,0.1681,0,1,3,1,1,0,OPEN,2026-05-27,2026-07-20
SYN-0233,Synthetic Product,CVE-2024-72898,7.9,0.1693,0,0,2,4,0,0,OPEN,2026-07-29,2026-07-20
SYN-0234,Synthetic Product,CVE-2025-5391,4.7,0.3221,0,0,5,3,1,0,OPEN,2026-10-12,2026-07-20
SYN-0235,Synthetic Product,CVE-2023-86770,5.4,0.2459,0,0,5,2,1,0,OPEN,2026-10-07,2026-07-20
SYN-0236,Synthetic Product,CVE-2026-91491,9.9,0.2878,0,1,3,2,0,0,OPEN,2026-09-01,2026-07-20
SYN-0237,Synthetic Product,CVE-2019-25530,6.7,0.285,0,0,4,3,1,0,OPEN,2026-10-11,2026-07-20
SYN-0238,Synthetic Product,CVE-2019-62053,7.2,0.1726,0,1,4,3,0,0,OPEN,2026-07-22,2026-07-20
SYN-0239,Synthetic Product,CVE-2026-26966,9.7,0.0895,0,0,3,4,0,0,OPEN,2026-08-22,2026-07-20
SYN-0240,Synthetic Product,CVE-2026-34073,8.4,0.0184,0,0,1,3,1,0,OPEN,2026-08-11,2026-07-20
SYN-0241,Synthetic Product,CVE-2019-30350,9.2,0.3479,0,0,4,4,1,1,OPEN,2026-09-23,2026-07-20
SYN-0242,Synthetic Product,CVE-2020-80514,5.8,0.2496,0,0,3,2,1,1,OPEN,2026-10-15,2026-07-20
SYN-0243,Synthetic Product,CVE-2021-61199,9.7,0.0288,0,0,3,5,1,1,OPEN,2026-05-25,2026-07-20
SYN-0244,Synthetic Product,CVE-2020-5572,5.6,0.077,0,0,4,4,1,1,OPEN,2026-07-22,2026-07-20
SYN-0245,Synthetic Product,CVE-2019-83415,9.2,0.3037,1,0,3,2,1,0,OPEN,2026-09-27,2026-07-20
SYN-0246,Synthetic Product,CVE-2022-41005,8.7,0.0251,0,0,3,5,0,1,OPEN,2026-07-25,2026-07-20
SYN-0247,Synthetic Product,CVE-2022-58717,8.0,0.412,1,1,4,3,1,1,OPEN,2026-07-03,2026-07-20
SYN-0248,Synthetic Product,CVE-2024-57227,9.7,0.7423,1,1,4,1,1,0,OPEN,2026-08-15,2026-07-20
SYN-0249,Synthetic Product,CVE-2026-87596,7.8,0.0872,0,0,2,5,1,0,OPEN,2026-09-03,2026-07-20
SYN-0250,Synthetic Product,CVE-2020-10422,7.5,0.1695,0,0,3,2,0,0,OPEN,2026-08-23,2026-07-20
SYN-0251,Synthetic Product,CVE-2023-42502,4.7,0.4429,1,0,4,5,1,1,OPEN,2026-09-19,2026-07-20
SYN-0252,Synthetic Product,CVE-2020-24688,5.5,0.2304,0,0,4,4,1,0,OPEN,2026-10-11,2026-07-20
SYN-0253,Synthetic Product,CVE-2019-63435,8.9,0.1257,0,0,4,5,1,0,OPEN,2026-08-29,2026-07-20
SYN-0254,Synthetic Product,CVE-2022-27745,7.6,0.2734,0,0,2,2,0,0,OPEN,2026-10-09,2026-07-20
SYN-0255,Synthetic Product,CVE-2020-36385,6.6,0.0284,0,0,3,2,0,0,OPEN,2026-10-10,2026-07-20
SYN-0256,Synthetic Product,CVE-2025-39902,7.8,0.0282,0,0,5,2,1,1,OPEN,2026-09-19,2026-07-20
SYN-0257,Synthetic Product,CVE-2021-98881,6.0,0.0078,0,0,3,3,1,0,OPEN,2026-08-19,2026-07-20
SYN-0258,Synthetic Product,CVE-2026-37410,7.2,0.1006,0,1,3,1,0,0,OPEN,2026-09-26,2026-07-20
SYN-0259,Synthetic Product,CVE-2024-69233,8.3,0.1108,0,0,4,1,1,1,OPEN,2026-10-03,2026-07-20
SYN-0260,Synthetic Product,CVE-2026-65835,8.9,0.1778,0,0,3,1,1,0,OPEN,2026-09-23,2026-07-20
SYN-0261,Synthetic Product,CVE-2018-24621,8.6,0.1334,0,0,4,5,1,0,OPEN,2026-09-12,2026-07-20
SYN-0262,Synthetic Product,CVE-2022-51761,7.7,0.1191,0,1,3,4,1,0,OPEN,2026-09-28,2026-07-20
SYN-0263,Synthetic Product,CVE-2021-62108,7.9,0.0484,0,0,4,5,0,1,OPEN,2026-08-12,2026-07-20
SYN-0264,Synthetic Product,CVE-2024-24163,4.3,0.1797,0,1,4,1,1,1,OPEN,2026-05-30,2026-07-20
SYN-0265,Synthetic Product,CVE-2025-76325,9.9,0.0933,0,1,4,4,1,1,OPEN,2026-08-31,2026-07-20
SYN-0266,Synthetic Product,CVE-2022-57801,4.7,0.0045,0,0,5,1,1,0,OPEN,2026-09-07,2026-07-20
SYN-0267,Synthetic Product,CVE-2026-96519,8.2,0.0687,0,0,2,3,1,0,OPEN,2026-09-29,2026-07-20
SYN-0268,Synthetic Product,CVE-2025-49313,6.3,0.1448,0,0,1,3,0,0,OPEN,2026-10-15,2026-07-20
SYN-0269,Synthetic Product,CVE-2025-79636,8.4,0.0889,0,0,1,1,1,0,OPEN,2026-08-31,2026-07-20
SYN-0270,Synthetic Product,CVE-2022-68553,7.9,0.0523,0,0,2,1,0,0,OPEN,2026-08-30,2026-07-20
SYN-0271,Synthetic Product,CVE-2025-99912,6.7,0.0861,0,1,4,3,1,0,OPEN,2026-09-06,2026-07-20
SYN-0272,Synthetic Product,CVE-2020-36937,6.1,0.35,0,1,2,3,1,1,OPEN,2026-08-30,2026-07-20
SYN-0273,Synthetic Product,CVE-2026-94369,8.3,0.0006,0,0,5,3,0,0,OPEN,2026-08-23,2026-07-20
SYN-0274,Synthetic Product,CVE-2020-47621,4.7,0.3886,0,0,3,4,1,0,OPEN,2026-06-03,2026-07-20
SYN-0275,Synthetic Product,CVE-2019-94782,8.1,0.0746,0,0,1,4,1,0,OPEN,2026-09-25,2026-07-20
SYN-0276,Synthetic Product,CVE-2020-12075,6.5,0.0584,0,0,4,5,0,1,OPEN,2026-08-26,2026-07-20
SYN-0277,Synthetic Product,CVE-2019-22159,8.1,0.1798,0,0,3,2,1,0,OPEN,2026-08-16,2026-07-20
SYN-0278,Synthetic Product,CVE-2022-21762,9.7,0.1002,0,1,3,5,1,0,OPEN,2026-10-10,2026-07-20
SYN-0279,Synthetic Product,CVE-2025-47687,8.5,0.1079,0,1,3,1,1,0,OPEN,2026-07-23,2026-07-20
SYN-0280,Synthetic Product,CVE-2025-88516,4.1,0.0539,0,0,3,3,1,0,OPEN,2026-05-27,2026-07-20
SYN-0281,Synthetic Product,CVE-2023-75827,9.3,0.1077,0,0,2,4,0,1,OPEN,2026-09-22,2026-07-20
SYN-0282,Synthetic Product,CVE-2022-21418,8.4,0.2171,0,1,5,4,0,0,OPEN,2026-09-04,2026-07-20
SYN-0283,Synthetic Product,CVE-2025-35370,9.3,0.3247,0,0,3,3,0,0,OPEN,2026-08-05,2026-07-20
SYN-0284,Synthetic Product,CVE-2022-26857,8.4,0.1086,0,1,3,4,1,0,OPEN,2026-09-24,2026-07-20
SYN-0285,Synthetic Product,CVE-2018-90100,7.2,0.3662,0,0,5,3,1,0,OPEN,2026-06-16,2026-07-20
SYN-0286,Synthetic Product,CVE-2022-37131,7.7,0.3727,0,0,2,2,1,0,OPEN,2026-08-05,2026-07-20
SYN-0287,Synthetic Product,CVE-2026-23559,6.5,0.3057,0,1,2,3,0,0,OPEN,2026-08-29,2026-07-20
SYN-0288,Synthetic Product,CVE-2021-54739,7.7,0.0402,0,0,5,1,1,0,OPEN,2026-10-04,2026-07-20
SYN-0289,Synthetic Product,CVE-2022-31870,7.8,0.1969,0,0,3,4,1,0,OPEN,2026-08-20,2026-07-20
SYN-0290,Synthetic Product,CVE-2018-51820,8.4,0.1886,0,1,3,5,1,1,OPEN,2026-10-01,2026-07-20
SYN-0291,Synthetic Product,CVE-2019-17914,7.7,0.1868,0,0,4,4,1,0,OPEN,2026-07-31,2026-07-20
SYN-0292,Synthetic Product,CVE-2025-45971,8.1,0.5365,0,0,3,1,1,0,OPEN,2026-08-10,2026-07-20
SYN-0293,Synthetic Product,CVE-2026-99767,9.1,0.0927,0,1,2,4,1,0,OPEN,2026-08-11,2026-07-20
SYN-0294,Synthetic Product,CVE-2025-61393,4.2,0.0329,0,0,3,1,1,0,OPEN,2026-06-04,2026-07-20
SYN-0295,Synthetic Product,CVE-2025-82691,8.4,0.3486,0,0,2,3,0,0,OPEN,2026-07-04,2026-07-20
SYN-0296,Synthetic Product,CVE-2020-96629,5.2,0.3325,0,0,2,3,1,0,OPEN,2026-09-04,2026-07-20
SYN-0297,Synthetic Product,CVE-2020-7944,5.5,0.0015,0,0,4,4,1,1,OPEN,2026-10-06,2026-07-20
SYN-0298,Synthetic Product,CVE-2026-11920,7.2,0.1772,0,1,3,2,1,0,OPEN,2026-10-12,2026-07-20
SYN-0299,Synthetic Product,CVE-2024-73443,4.3,0.152,0,0,2,4,1,0,OPEN,2026-08-21,2026-07-20
SYN-0300,Synthetic Product,CVE-2021-31168,6.4,0.2558,0,1,3,2,1,0,OPEN,2026-08-01,2026-07-20
SYN-0301,Synthetic Product,CVE-2019-17424,8.2,0.3049,1,0,4,4,1,0,OPEN,2026-07-28,2026-07-20
SYN-0302,Synthetic Product,CVE-2018-81348,7.7,0.148,0,1,2,4,1,0,OPEN,2026-08-22,2026-07-20
SYN-0303,Synthetic Product,CVE-2019-58522,4.5,0.131,0,0,5,4,1,0,OPEN,2026-08-14,2026-07-20
SYN-0304,Synthetic Product,CVE-2026-11649,7.4,0.3382,0,0,1,3,1,0,OPEN,2026-08-01,2026-07-20
SYN-0305,Synthetic Product,CVE-2020-1508,4.0,0.0002,0,0,2,3,0,0,OPEN,2026-09-09,2026-07-20
SYN-0306,Synthetic Product,CVE-2021-58943,9.5,0.2238,0,1,2,5,1,0,OPEN,2026-07-17,2026-07-20
SYN-0307,Synthetic Product,CVE-2023-61881,4.8,0.2195,0,1,5,2,1,0,OPEN,2026-09-18,2026-07-20
SYN-0308,Synthetic Product,CVE-2021-28284,5.6,0.0175,0,0,5,4,0,0,OPEN,2026-08-19,2026-07-20
SYN-0309,Synthetic Product,CVE-2022-35011,7.6,0.0303,0,0,3,1,0,0,OPEN,2026-08-26,2026-07-20
SYN-0310,Synthetic Product,CVE-2024-76459,7.5,0.0159,0,0,3,1,0,0,OPEN,2026-08-13,2026-07-20
SYN-0311,Synthetic Product,CVE-2025-19050,8.3,0.0422,0,0,3,4,0,1,OPEN,2026-07-09,2026-07-20
SYN-0312,Synthetic Product,CVE-2021-97141,9.1,0.4479,0,1,3,4,1,0,OPEN,2026-08-03,2026-07-20
SYN-0313,Synthetic Product,CVE-2025-87814,9.9,0.006,0,0,3,4,1,0,OPEN,2026-06-20,2026-07-20
SYN-0314,Synthetic Product,CVE-2021-19602,6.6,0.1071,0,1,4,2,1,0,OPEN,2026-08-17,2026-07-20
SYN-0315,Synthetic Product,CVE-2022-43423,9.4,0.2641,0,0,2,2,1,1,OPEN,2026-08-28,2026-07-20
SYN-0316,Synthetic Product,CVE-2020-11060,8.2,0.0338,0,0,3,3,1,1,OPEN,2026-09-26,2026-07-20
SYN-0317,Synthetic Product,CVE-2021-72587,7.7,0.0716,0,0,1,2,1,0,OPEN,2026-07-24,2026-07-20
SYN-0318,Synthetic Product,CVE-2026-45691,5.1,0.1728,0,1,2,5,0,1,OPEN,2026-09-29,2026-07-20
SYN-0319,Synthetic Product,CVE-2020-52118,8.5,0.4474,1,0,5,5,1,1,OPEN,2026-09-16,2026-07-20
SYN-0320,Synthetic Product,CVE-2018-76198,6.6,0.5349,0,1,1,5,1,0,OPEN,2026-09-05,2026-07-20
SYN-0321,Synthetic Product,CVE-2025-38325,7.1,0.0247,0,0,3,2,1,0,OPEN,2026-09-14,2026-07-20
SYN-0322,Synthetic Product,CVE-2019-33603,5.0,0.0502,0,0,3,2,1,0,OPEN,2026-08-26,2026-07-20
SYN-0323,Synthetic Product,CVE-2018-79718,10.0,0.1732,0,0,3,3,1,0,OPEN,2026-08-16,2026-07-20
SYN-0324,Synthetic Product,CVE-2020-83434,7.7,0.0335,0,0,3,2,1,1,OPEN,2026-09-14,2026-07-20
SYN-0325,Synthetic Product,CVE-2023-56322,6.0,0.0068,0,0,4,3,1,0,OPEN,2026-08-01,2026-07-20
SYN-0326,Synthetic Product,CVE-2021-51760,9.0,0.2927,0,0,3,2,1,0,OPEN,2026-06-02,2026-07-20
SYN-0327,Synthetic Product,CVE-2023-50375,7.1,0.0977,0,0,1,3,1,1,OPEN,2026-09-26,2026-07-20
SYN-0328,Synthetic Product,CVE-2025-83890,4.9,0.3655,0,0,3,3,0,1,OPEN,2026-07-15,2026-07-20
SYN-0329,Synthetic Product,CVE-2026-1952,9.0,0.3011,0,0,2,5,1,0,OPEN,2026-10-01,2026-07-20
SYN-0330,Synthetic Product,CVE-2019-59035,9.9,0.4256,1,1,3,3,1,1,OPEN,2026-09-27,2026-07-20
SYN-0331,Synthetic Product,CVE-2026-31621,9.1,0.1115,0,1,5,4,1,1,OPEN,2026-08-03,2026-07-20
SYN-0332,Synthetic Product,CVE-2024-88559,7.6,0.071,0,0,1,4,0,0,OPEN,2026-10-17,2026-07-20
SYN-0333,Synthetic Product,CVE-2022-2742,8.9,0.0307,0,0,2,4,0,1,OPEN,2026-08-29,2026-07-20
SYN-0334,Synthetic Product,CVE-2024-85909,5.6,0.0932,0,0,5,2,0,0,OPEN,2026-07-22,2026-07-20
SYN-0335,Synthetic Product,CVE-2021-33514,6.6,0.0053,0,0,5,3,0,0,OPEN,2026-09-03,2026-07-20
SYN-0336,Synthetic Product,CVE-2023-74480,5.2,0.2861,0,0,2,4,1,0,OPEN,2026-08-18,2026-07-20
SYN-0337,Synthetic Product,CVE-2026-8347,9.8,0.2863,0,0,4,5,0,0,OPEN,2026-09-08,2026-07-20
SYN-0338,Synthetic Product,CVE-2026-77820,9.4,0.1094,0,0,5,3,1,0,OPEN,2026-08-22,2026-07-20
SYN-0339,Synthetic Product,CVE-2025-75587,8.7,0.5004,1,1,1,4,1,0,OPEN,2026-07-25,2026-07-20
SYN-0340,Synthetic Product,CVE-2026-78697,9.3,0.0937,0,0,3,4,1,0,OPEN,2026-08-27,2026-07-20
SYN-0341,Synthetic Product,CVE-2019-55491,5.4,0.551,0,1,1,1,0,0,OPEN,2026-07-23,2026-07-20
SYN-0342,Synthetic Product,CVE-2019-85639,4.8,0.0758,0,0,2,1,1,0,OPEN,2026-09-06,2026-07-20
SYN-0343,Synthetic Product,CVE-2019-52196,5.1,0.0085,0,0,4,1,1,0,OPEN,2026-08-22,2026-07-20
SYN-0344,Synthetic Product,CVE-2021-66531,6.3,0.0051,0,0,1,3,0,1,OPEN,2026-09-24,2026-07-20
SYN-0345,Synthetic Product,CVE-2021-69235,4.8,0.225,0,1,1,1,1,1,OPEN,2026-09-10,2026-07-20
SYN-0346,Synthetic Product,CVE-2026-6114,8.0,0.6716,1,0,4,5,1,0,OPEN,2026-09-10,2026-07-20
SYN-0347,Synthetic Product,CVE-2023-13770,8.9,0.4946,1,0,3,3,0,1,OPEN,2026-08-20,2026-07-20
SYN-0348,Synthetic Product,CVE-2020-46474,8.7,0.1868,0,0,2,2,1,0,OPEN,2026-09-03,2026-07-20
SYN-0349,Synthetic Product,CVE-2021-77133,7.3,0.105,0,0,1,1,1,0,OPEN,2026-06-22,2026-07-20
SYN-0350,Synthetic Product,CVE-2018-12568,9.8,0.2742,0,0,3,3,0,0,OPEN,2026-10-04,2026-07-20
SYN-0351,Synthetic Product,CVE-2026-37758,8.3,0.4187,0,0,1,4,1,0,OPEN,2026-08-15,2026-07-20
SYN-0352,Synthetic Product,CVE-2022-24545,8.5,0.2054,0,1,4,4,1,0,OPEN,2026-07-26,2026-07-20
SYN-0353,Synthetic Product,CVE-2026-24951,8.6,0.111,0,0,2,4,0,0,OPEN,2026-08-02,2026-07-20
SYN-0354,Synthetic Product,CVE-2022-13748,6.3,0.2108,0,1,1,3,1,1,OPEN,2026-09-02,2026-07-20
SYN-0355,Synthetic Product,CVE-2023-40410,6.4,0.1167,0,1,5,1,1,1,OPEN,2026-09-08,2026-07-20
SYN-0356,Synthetic Product,CVE-2019-33901,7.9,0.3067,0,0,5,2,0,0,OPEN,2026-09-16,2026-07-20
SYN-0357,Synthetic Product,CVE-2018-1437,7.3,0.0694,0,0,1,2,1,0,OPEN,2026-08-12,2026-07-20
SYN-0358,Synthetic Product,CVE-2019-36824,9.3,0.1406,0,0,4,2,1,0,OPEN,2026-10-12,2026-07-20
SYN-0359,Synthetic Product,CVE-2025-37367,7.2,0.1962,0,0,2,3,1,1,OPEN,2026-09-20,2026-07-20
SYN-0360,Synthetic Product,CVE-2025-68800,6.6,0.005,0,0,5,3,1,0,OPEN,2026-07-26,2026-07-20
SYN-0361,Synthetic Product,CVE-2019-80037,8.5,0.1533,0,1,1,4,1,0,OPEN,2026-06-21,2026-07-20
SYN-0362,Synthetic Product,CVE-2023-40472,8.1,0.242,0,0,2,4,1,0,OPEN,2026-09-01,2026-07-20
SYN-0363,Synthetic Product,CVE-2026-92107,8.4,0.2519,0,0,4,3,1,0,OPEN,2026-08-06,2026-07-20
SYN-0364,Synthetic Product,CVE-2019-10947,6.4,0.188,0,1,2,1,1,0,OPEN,2026-06-20,2026-07-20
SYN-0365,Synthetic Product,CVE-2018-36396,7.1,0.001,0,0,2,4,1,1,OPEN,2026-06-12,2026-07-20
SYN-0366,Synthetic Product,CVE-2026-18125,8.7,0.1619,0,0,1,2,1,0,OPEN,2026-06-24,2026-07-20
SYN-0367,Synthetic Product,CVE-2026-70556,5.2,0.1165,0,0,2,4,1,1,OPEN,2026-06-27,2026-07-20
SYN-0368,Synthetic Product,CVE-2022-89464,9.8,0.0319,0,0,3,2,1,0,OPEN,2026-07-25,2026-07-20
SYN-0369,Synthetic Product,CVE-2025-4015,8.4,0.1127,0,0,3,3,1,0,OPEN,2026-09-17,2026-07-20
SYN-0370,Synthetic Product,CVE-2022-1989,8.0,0.1094,0,0,5,3,0,1,OPEN,2026-06-17,2026-07-20
SYN-0371,Synthetic Product,CVE-2026-83713,4.6,0.4486,0,1,4,3,0,0,OPEN,2026-07-18,2026-07-20
SYN-0372,Synthetic Product,CVE-2022-18973,9.3,0.067,0,0,2,2,1,0,OPEN,2026-08-25,2026-07-20
SYN-0373,Synthetic Product,CVE-2023-65948,8.7,0.0722,0,0,4,3,1,1,OPEN,2026-09-24,2026-07-20
SYN-0374,Synthetic Product,CVE-2021-10875,9.1,0.1678,0,0,3,3,1,0,OPEN,2026-08-31,2026-07-20
SYN-0375,Synthetic Product,CVE-2020-70416,8.5,0.1761,0,1,2,3,1,0,OPEN,2026-08-13,2026-07-20
SYN-0376,Synthetic Product,CVE-2025-23570,8.0,0.1945,0,0,4,1,1,0,OPEN,2026-09-06,2026-07-20
SYN-0377,Synthetic Product,CVE-2024-90709,7.1,0.3803,0,0,2,2,1,0,OPEN,2026-07-26,2026-07-20
SYN-0378,Synthetic Product,CVE-2020-26523,9.3,0.2312,0,0,4,3,1,0,OPEN,2026-10-06,2026-07-20
SYN-0379,Synthetic Product,CVE-2026-6239,4.3,0.0177,0,0,4,1,1,1,OPEN,2026-10-12,2026-07-20
SYN-0380,Synthetic Product,CVE-2018-86223,5.4,0.3138,0,1,4,3,1,1,OPEN,2026-08-09,2026-07-20
SYN-0381,Synthetic Product,CVE-2024-65418,5.3,0.105,0,0,3,2,0,0,OPEN,2026-07-30,2026-07-20
SYN-0382,Synthetic Product,CVE-2021-61712,8.8,0.0421,0,0,2,2,1,0,OPEN,2026-07-21,2026-07-20
SYN-0383,Synthetic Product,CVE-2024-89033,8.7,0.0581,0,0,4,1,1,0,OPEN,2026-10-17,2026-07-20
SYN-0384,Synthetic Product,CVE-2020-70331,7.8,0.1046,0,0,5,3,1,0,OPEN,2026-10-18,2026-07-20
SYN-0385,Synthetic Product,CVE-2026-88841,8.5,0.0852,0,1,3,3,1,0,OPEN,2026-07-23,2026-07-20
SYN-0386,Synthetic Product,CVE-2026-31334,7.3,0.0611,0,0,5,2,0,0,OPEN,2026-07-02,2026-07-20
SYN-0387,Synthetic Product,CVE-2025-9454,4.5,0.2779,0,1,5,2,1,0,OPEN,2026-06-06,2026-07-20
SYN-0388,Synthetic Product,CVE-2020-44765,8.8,0.267,0,0,1,2,0,0,OPEN,2026-09-19,2026-07-20
SYN-0389,Synthetic Product,CVE-2026-24017,6.3,0.2113,0,0,1,2,0,0,OPEN,2026-06-05,2026-07-20
SYN-0390,Synthetic Product,CVE-2025-67624,5.8,0.0394,0,0,2,2,1,0,OPEN,2026-06-17,2026-07-20
SYN-0391,Synthetic Product,CVE-2025-99292,4.5,0.103,0,0,5,1,1,0,OPEN,2026-07-21,2026-07-20
SYN-0392,Synthetic Product,CVE-2019-47147,4.2,0.3857,1,1,3,3,1,0,OPEN,2026-05-25,2026-07-20
SYN-0393,Synthetic Product,CVE-2022-14542,7.4,0.0897,0,0,3,3,1,0,OPEN,2026-08-18,2026-07-20
SYN-0394,Synthetic Product,CVE-2018-79814,7.8,0.3312,0,1,3,1,0,1,OPEN,2026-10-06,2026-07-20
SYN-0395,Synthetic Product,CVE-2019-23838,7.3,0.0157,0,0,2,1,1,0,OPEN,2026-08-20,2026-07-20
SYN-0396,Synthetic Product,CVE-2019-43323,6.8,0.3067,0,1,4,4,0,0,OPEN,2026-09-21,2026-07-20
SYN-0397,Synthetic Product,CVE-2018-22214,7.0,0.0605,0,0,3,2,1,0,OPEN,2026-07-23,2026-07-20
SYN-0398,Synthetic Product,CVE-2026-19802,4.8,0.1217,0,0,1,3,1,0,OPEN,2026-09-02,2026-07-20
SYN-0399,Synthetic Product,CVE-2019-80267,5.6,0.4382,1,0,2,1,1,1,OPEN,2026-10-08,2026-07-20
SYN-0400,Synthetic Product,CVE-2026-68907,8.4,0.6211,0,0,3,3,0,0,OPEN,2026-06-06,2026-07-20
SYN-0401,Synthetic Product,CVE-2019-30404,7.1,0.0369,0,0,2,2,1,0,OPEN,2026-10-18,2026-07-20
SYN-0402,Synthetic Product,CVE-2025-64410,9.6,0.4301,1,0,3,3,1,1,OPEN,2026-06-04,2026-07-20
SYN-0403,Synthetic Product,CVE-2025-97604,6.3,0.028,0,0,1,4,1,0,OPEN,2026-05-21,2026-07-20
SYN-0404,Synthetic Product,CVE-2018-75904,5.7,0.1356,0,1,1,2,1,0,OPEN,2026-08-04,2026-07-20
SYN-0405,Synthetic Product,CVE-2020-30549,4.5,0.0251,0,0,3,1,1,1,OPEN,2026-09-25,2026-07-20
SYN-0406,Synthetic Product,CVE-2020-99322,5.1,0.1975,0,0,4,5,1,0,OPEN,2026-08-15,2026-07-20
SYN-0407,Synthetic Product,CVE-2020-49047,7.2,0.0588,0,0,5,2,0,0,OPEN,2026-09-11,2026-07-20
SYN-0408,Synthetic Product,CVE-2018-17721,8.4,0.1254,0,1,1,2,1,0,OPEN,2026-10-15,2026-07-20
SYN-0409,Synthetic Product,CVE-2026-97520,7.8,0.0736,0,0,3,2,0,0,OPEN,2026-09-10,2026-07-20
SYN-0410,Synthetic Product,CVE-2018-83959,7.6,0.1314,0,0,2,3,0,1,OPEN,2026-08-09,2026-07-20
SYN-0411,Synthetic Product,CVE-2020-23088,5.3,0.196,0,1,3,1,1,1,OPEN,2026-07-23,2026-07-20
SYN-0412,Synthetic Product,CVE-2025-43612,7.6,0.4606,0,0,4,2,0,0,OPEN,2026-10-01,2026-07-20
SYN-0413,Synthetic Product,CVE-2024-54566,9.6,0.4363,1,0,5,3,1,0,OPEN,2026-07-10,2026-07-20
SYN-0414,Synthetic Product,CVE-2022-57905,7.4,0.3324,1,0,2,1,1,1,OPEN,2026-10-03,2026-07-20
SYN-0415,Synthetic Product,CVE-2023-89324,7.3,0.1168,0,0,4,3,1,0,OPEN,2026-08-29,2026-07-20
SYN-0416,Synthetic Product,CVE-2022-50572,9.2,0.1194,0,1,1,5,0,0,OPEN,2026-06-23,2026-07-20
SYN-0417,Synthetic Product,CVE-2025-42278,6.3,0.0991,0,1,3,5,1,0,OPEN,2026-08-09,2026-07-20
SYN-0418,Synthetic Product,CVE-2020-19581,4.0,0.5618,0,0,3,2,0,0,OPEN,2026-10-06,2026-07-20
SYN-0419,Synthetic Product,CVE-2018-7450,9.1,0.1078,0,1,3,2,1,0,OPEN,2026-08-29,2026-07-20
SYN-0420,Synthetic Product,CVE-2024-93301,7.4,0.3021,0,0,4,4,1,0,OPEN,2026-08-02,2026-07-20
SYN-0421,Synthetic Product,CVE-2025-84013,7.2,0.0009,0,0,3,2,1,1,OPEN,2026-08-02,2026-07-20
SYN-0422,Synthetic Product,CVE-2020-2145,4.5,0.0837,0,1,4,3,1,0,OPEN,2026-08-11,2026-07-20
SYN-0423,Synthetic Product,CVE-2025-22258,7.8,0.6573,1,0,5,4,1,0,OPEN,2026-07-30,2026-07-20
SYN-0424,Synthetic Product,CVE-2024-58125,5.5,0.0791,0,0,3,2,1,0,OPEN,2026-10-08,2026-07-20
SYN-0425,Synthetic Product,CVE-2025-78120,7.7,0.1181,0,1,2,1,1,1,OPEN,2026-09-26,2026-07-20
SYN-0426,Synthetic Product,CVE-2024-73755,4.6,0.0988,0,0,2,5,1,0,OPEN,2026-09-22,2026-07-20
SYN-0427,Synthetic Product,CVE-2024-60577,8.5,0.2373,0,0,2,2,1,1,OPEN,2026-10-10,2026-07-20
SYN-0428,Synthetic Product,CVE-2024-26873,6.2,0.0946,0,0,2,3,0,0,OPEN,2026-09-12,2026-07-20
SYN-0429,Synthetic Product,CVE-2020-94112,7.0,0.338,1,0,3,1,1,0,OPEN,2026-09-15,2026-07-20
SYN-0430,Synthetic Product,CVE-2024-88586,6.3,0.3363,0,1,4,4,1,0,OPEN,2026-06-23,2026-07-20
SYN-0431,Synthetic Product,CVE-2019-85917,7.2,0.1749,0,0,4,5,1,0,OPEN,2026-07-25,2026-07-20
SYN-0432,Synthetic Product,CVE-2019-57755,8.4,0.2187,0,0,2,4,1,0,OPEN,2026-06-03,2026-07-20
SYN-0433,Synthetic Product,CVE-2020-38759,4.1,0.0351,0,0,3,4,0,0,OPEN,2026-08-18,2026-07-20
SYN-0434,Synthetic Product,CVE-2022-80580,9.0,0.1256,0,1,2,1,1,1,OPEN,2026-09-29,2026-07-20
SYN-0435,Synthetic Product,CVE-2020-87455,4.2,0.2624,0,0,4,2,0,0,OPEN,2026-08-21,2026-07-20
SYN-0436,Synthetic Product,CVE-2024-31610,7.4,0.1958,0,0,3,5,1,0,OPEN,2026-10-17,2026-07-20
SYN-0437,Synthetic Product,CVE-2025-83748,9.4,0.0143,0,0,3,3,1,0,OPEN,2026-08-08,2026-07-20
SYN-0438,Synthetic Product,CVE-2025-62833,9.7,0.0844,0,1,2,1,1,1,OPEN,2026-10-04,2026-07-20
SYN-0439,Synthetic Product,CVE-2021-72770,5.1,0.1822,0,0,3,4,1,0,OPEN,2026-08-21,2026-07-20
SYN-0440,Synthetic Product,CVE-2021-19211,9.7,0.0365,0,0,3,5,1,0,OPEN,2026-08-14,2026-07-20
SYN-0441,Synthetic Product,CVE-2021-85516,7.9,0.2429,0,1,3,3,0,0,OPEN,2026-06-02,2026-07-20
SYN-0442,Synthetic Product,CVE-2023-49609,7.7,0.1071,0,0,5,2,1,0,OPEN,2026-08-13,2026-07-20
SYN-0443,Synthetic Product,CVE-2019-6127,8.1,0.0562,0,0,3,3,0,0,OPEN,2026-08-06,2026-07-20
SYN-0444,Synthetic Product,CVE-2018-36436,7.1,0.7434,0,0,4,3,0,0,OPEN,2026-06-21,2026-07-20
SYN-0445,Synthetic Product,CVE-2025-66888,8.7,0.0167,0,0,4,3,1,1,OPEN,2026-09-09,2026-07-20
SYN-0446,Synthetic Product,CVE-2022-15076,9.8,0.1586,0,0,2,1,0,0,OPEN,2026-08-09,2026-07-20
SYN-0447,Synthetic Product,CVE-2022-64456,7.4,0.5281,0,0,4,2,1,0,OPEN,2026-08-01,2026-07-20
SYN-0448,Synthetic Product,CVE-2024-18449,5.0,0.084,0,0,4,1,1,1,OPEN,2026-09-30,2026-07-20
SYN-0449,Synthetic Product,CVE-2019-51261,8.7,0.1499,0,0,3,5,1,0,OPEN,2026-09-25,2026-07-20
SYN-0450,Synthetic Product,CVE-2018-62451,5.7,0.0029,0,0,2,3,1,1,OPEN,2026-08-18,2026-07-20
SYN-0451,Synthetic Product,CVE-2020-40177,7.7,0.0242,0,0,3,2,1,0,OPEN,2026-08-15,2026-07-20
SYN-0452,Synthetic Product,CVE-2026-70485,9.8,0.1282,0,0,4,4,1,0,OPEN,2026-09-24,2026-07-20
SYN-0453,Synthetic Product,CVE-2019-63968,9.8,0.1006,0,0,3,3,1,1,OPEN,2026-09-05,2026-07-20
SYN-0454,Synthetic Product,CVE-2025-67958,8.5,0.0005,0,0,1,1,0,1,OPEN,2026-10-09,2026-07-20
SYN-0455,Synthetic Product,CVE-2026-27701,7.5,0.2621,0,0,3,3,1,0,OPEN,2026-10-11,2026-07-20
SYN-0456,Synthetic Product,CVE-2025-25693,9.0,0.3375,1,0,2,1,1,0,OPEN,2026-08-31,2026-07-20
SYN-0457,Synthetic Product,CVE-2019-49446,8.5,0.2715,0,0,2,3,1,0,OPEN,2026-09-16,2026-07-20
SYN-0458,Synthetic Product,CVE-2023-19088,5.0,0.0297,0,0,5,3,1,0,OPEN,2026-08-20,2026-07-20
SYN-0459,Synthetic Product,CVE-2018-91731,4.5,0.0599,0,0,3,3,0,0,OPEN,2026-10-14,2026-07-20
SYN-0460,Synthetic Product,CVE-2026-72975,8.9,0.2117,0,1,3,3,1,0,OPEN,2026-09-19,2026-07-20
SYN-0461,Synthetic Product,CVE-2018-55328,7.4,0.0662,0,0,2,1,0,0,OPEN,2026-09-24,2026-07-20
SYN-0462,Synthetic Product,CVE-2019-24692,7.9,0.1968,0,0,4,5,0,0,OPEN,2026-08-31,2026-07-20
SYN-0463,Synthetic Product,CVE-2018-40923,7.6,0.0113,0,0,1,1,1,0,OPEN,2026-06-22,2026-07-20
SYN-0464,Synthetic Product,CVE-2021-78697,6.0,0.0142,0,0,4,5,1,1,OPEN,2026-08-20,2026-07-20
SYN-0465,Synthetic Product,CVE-2023-48816,7.5,0.41,1,1,2,4,1,0,OPEN,2026-10-05,2026-07-20
SYN-0466,Synthetic Product,CVE-2024-6181,8.2,0.3361,0,1,4,4,1,0,OPEN,2026-08-07,2026-07-20
SYN-0467,Synthetic Product,CVE-2024-44502,4.5,0.4173,1,0,3,4,1,0,OPEN,2026-08-16,2026-07-20
SYN-0468,Synthetic Product,CVE-2019-88170,8.0,0.2417,0,1,3,3,1,0,OPEN,2026-06-17,2026-07-20
SYN-0469,Synthetic Product,CVE-2023-90336,8.8,0.2436,0,1,2,1,1,1,OPEN,2026-08-09,2026-07-20
SYN-0470,Synthetic Product,CVE-2024-1309,8.1,0.3087,1,0,3,5,1,1,OPEN,2026-09-05,2026-07-20
SYN-0471,Synthetic Product,CVE-2019-62746,5.8,0.2244,0,1,5,1,0,0,OPEN,2026-09-17,2026-07-20
SYN-0472,Synthetic Product,CVE-2024-25823,7.4,0.0119,0,0,2,1,1,1,OPEN,2026-08-17,2026-07-20
SYN-0473,Synthetic Product,CVE-2023-18731,8.8,0.0389,0,0,2,3,1,0,OPEN,2026-08-10,2026-07-20
SYN-0474,Synthetic Product,CVE-2022-98959,5.3,0.2829,0,1,1,1,1,0,OPEN,2026-08-29,2026-07-20
SYN-0475,Synthetic Product,CVE-2020-26763,4.4,0.0459,0,0,4,3,1,1,OPEN,2026-07-22,2026-07-20
SYN-0476,Synthetic Product,CVE-2024-90959,6.4,0.3886,0,1,3,1,0,0,OPEN,2026-09-07,2026-07-20
SYN-0477,Synthetic Product,CVE-2023-87003,9.2,0.1409,0,0,1,3,1,0,OPEN,2026-09-30,2026-07-20
SYN-0478,Synthetic Product,CVE-2018-23102,8.6,0.2746,0,1,4,5,0,0,OPEN,2026-08-06,2026-07-20
SYN-0479,Synthetic Product,CVE-2021-25538,7.6,0.3184,1,0,2,2,0,0,OPEN,2026-10-04,2026-07-20
SYN-0480,Synthetic Product,CVE-2018-19974,7.4,0.3787,0,0,5,3,1,0,OPEN,2026-08-28,2026-07-20
SYN-0481,Synthetic Product,CVE-2025-85895,8.2,0.0898,0,0,4,1,1,0,OPEN,2026-08-25,2026-07-20
SYN-0482,Synthetic Product,CVE-2024-78046,4.8,0.1224,0,0,3,5,0,0,OPEN,2026-06-04,2026-07-20
SYN-0483,Synthetic Product,CVE-2020-45259,4.9,0.1776,0,1,2,4,0,0,OPEN,2026-06-25,2026-07-20
SYN-0484,Synthetic Product,CVE-2019-38341,7.2,0.0019,0,0,3,2,1,0,OPEN,2026-10-14,2026-07-20
SYN-0485,Synthetic Product,CVE-2023-18976,7.2,0.0669,0,0,2,2,1,1,OPEN,2026-09-24,2026-07-20
SYN-0486,Synthetic Product,CVE-2018-33898,6.0,0.0941,0,0,2,3,1,0,OPEN,2026-08-06,2026-07-20
SYN-0487,Synthetic Product,CVE-2022-4530,7.2,0.2553,0,1,5,3,0,1,OPEN,2026-08-11,2026-07-20
SYN-0488,Synthetic Product,CVE-2021-45725,6.7,0.1111,0,0,4,1,0,0,OPEN,2026-09-11,2026-07-20
SYN-0489,Synthetic Product,CVE-2019-75648,9.2,0.4118,1,1,2,4,1,0,OPEN,2026-05-26,2026-07-20
SYN-0490,Synthetic Product,CVE-2024-70657,8.4,0.1406,0,1,4,1,1,1,OPEN,2026-09-16,2026-07-20
SYN-0491,Synthetic Product,CVE-2021-9261,8.7,0.0428,0,0,2,2,1,1,OPEN,2026-09-03,2026-07-20
SYN-0492,Synthetic Product,CVE-2024-55521,7.3,0.3016,0,0,4,3,1,0,OPEN,2026-10-18,2026-07-20
SYN-0493,Synthetic Product,CVE-2020-89223,8.6,0.0166,0,0,2,4,0,0,OPEN,2026-09-08,2026-07-20
SYN-0494,Synthetic Product,CVE-2023-23886,6.0,0.1345,0,1,2,1,1,0,OPEN,2026-08-12,2026-07-20
SYN-0495,Synthetic Product,CVE-2023-37994,9.5,0.0056,0,0,5,3,1,1,OPEN,2026-05-28,2026-07-20
SYN-0496,Synthetic Product,CVE-2025-42791,6.9,0.0127,0,0,1,2,0,0,OPEN,2026-10-02,2026-07-20
SYN-0497,Synthetic Product,CVE-2021-51973,9.9,0.1062,0,1,3,5,1,0,OPEN,2026-09-17,2026-07-20
SYN-0498,Synthetic Product,CVE-2018-31677,7.2,0.2086,0,0,4,3,1,0,OPEN,2026-07-03,2026-07-20
SYN-0499,Synthetic Product,CVE-2021-96225,7.5,0.1198,0,0,5,1,1,0,OPEN,2026-09-02,2026-07-20
SYN-0500,Synthetic Product,CVE-2023-89648,5.1,0.0072,0,0,5,3,1,0,OPEN,2026-08-12,2026-07-20
SYN-0501,Synthetic Product,CVE-2018-96794,4.2,0.0999,0,0,3,2,1,1,OPEN,2026-08-03,2026-07-20
SYN-0502,Synthetic Product,CVE-2019-13152,8.7,0.2952,0,1,2,3,0,0,OPEN,2026-05-30,2026-07-20
SYN-0503,Synthetic Product,CVE-2024-57645,5.6,0.1075,0,0,4,2,0,1,OPEN,2026-08-26,2026-07-20
SYN-0504,Synthetic Product,CVE-2020-44710,8.3,0.3146,1,0,2,3,1,0,OPEN,2026-07-25,2026-07-20
SYN-0505,Synthetic Product,CVE-2021-44314,7.7,0.0042,0,0,1,1,1,0,OPEN,2026-08-24,2026-07-20
SYN-0506,Synthetic Product,CVE-2025-94750,9.9,0.6115,1,0,3,3,0,0,OPEN,2026-08-07,2026-07-20
SYN-0507,Synthetic Product,CVE-2020-28139,5.1,0.3,0,0,3,5,1,0,OPEN,2026-09-13,2026-07-20
SYN-0508,Synthetic Product,CVE-2018-55001,4.8,0.1115,0,0,5,1,0,0,OPEN,2026-07-23,2026-07-20
SYN-0509,Synthetic Product,CVE-2025-66008,9.8,0.3269,0,0,1,5,1,0,OPEN,2026-09-14,2026-07-20
SYN-0510,Synthetic Product,CVE-2023-65797,8.4,0.0148,0,0,1,1,1,0,OPEN,2026-08-28,2026-07-20
SYN-0511,Synthetic Product,CVE-2025-11555,8.1,0.0236,0,0,2,3,1,0,OPEN,2026-08-23,2026-07-20
SYN-0512,Synthetic Product,CVE-2020-31392,8.3,0.061,0,0,4,1,0,0,OPEN,2026-08-13,2026-07-20
SYN-0513,Synthetic Product,CVE-2019-80610,8.0,0.6935,0,1,4,2,1,0,OPEN,2026-08-17,2026-07-20
SYN-0514,Synthetic Product,CVE-2018-65779,7.2,0.0623,0,0,2,1,1,0,OPEN,2026-07-26,2026-07-20
SYN-0515,Synthetic Product,CVE-2018-76138,8.3,0.0309,0,0,2,3,1,0,OPEN,2026-09-30,2026-07-20
SYN-0516,Synthetic Product,CVE-2026-8364,4.5,0.0084,0,0,4,4,1,0,OPEN,2026-09-12,2026-07-20
SYN-0517,Synthetic Product,CVE-2020-72685,9.1,0.1012,0,0,3,5,1,0,OPEN,2026-08-29,2026-07-20
SYN-0518,Synthetic Product,CVE-2023-89257,6.8,0.3185,0,1,3,1,1,0,OPEN,2026-06-08,2026-07-20
SYN-0519,Synthetic Product,CVE-2018-96344,9.8,0.2881,0,0,2,2,1,0,OPEN,2026-06-22,2026-07-20
SYN-0520,Synthetic Product,CVE-2020-34372,8.0,0.4022,0,0,1,4,0,0,OPEN,2026-08-19,2026-07-20
SYN-0521,Synthetic Product,CVE-2019-99088,4.2,0.0651,0,0,3,3,1,0,OPEN,2026-08-18,2026-07-20
SYN-0522,Synthetic Product,CVE-2026-16954,5.1,0.0202,0,0,1,5,1,0,OPEN,2026-06-19,2026-07-20
SYN-0523,Synthetic Product,CVE-2024-41825,4.4,0.0563,0,0,4,3,1,1,OPEN,2026-08-10,2026-07-20
SYN-0524,Synthetic Product,CVE-2026-86774,8.4,0.096,0,0,2,3,1,0,OPEN,2026-08-05,2026-07-20
SYN-0525,Synthetic Product,CVE-2022-77019,6.1,0.0162,0,0,2,2,1,0,OPEN,2026-08-30,2026-07-20
SYN-0526,Synthetic Product,CVE-2023-48867,8.6,0.3777,1,0,5,5,0,0,OPEN,2026-10-02,2026-07-20
SYN-0527,Synthetic Product,CVE-2025-64131,9.1,0.1748,0,0,2,3,1,0,OPEN,2026-09-13,2026-07-20
SYN-0528,Synthetic Product,CVE-2019-82096,8.2,0.0969,0,1,3,5,0,0,OPEN,2026-08-05,2026-07-20
SYN-0529,Synthetic Product,CVE-2019-83783,9.5,0.0147,0,0,2,3,1,0,OPEN,2026-08-24,2026-07-20
SYN-0530,Synthetic Product,CVE-2025-50776,8.3,0.484,0,1,5,2,1,0,OPEN,2026-06-17,2026-07-20
SYN-0531,Synthetic Product,CVE-2018-70480,5.7,0.0699,0,0,2,5,1,1,OPEN,2026-08-06,2026-07-20
SYN-0532,Synthetic Product,CVE-2019-49039,9.6,0.1723,0,0,5,1,0,0,OPEN,2026-06-05,2026-07-20
SYN-0533,Synthetic Product,CVE-2019-16468,8.3,0.1541,0,0,2,2,0,1,OPEN,2026-10-02,2026-07-20
SYN-0534,Synthetic Product,CVE-2025-42420,7.1,0.1114,0,1,4,3,0,0,OPEN,2026-07-15,2026-07-20
SYN-0535,Synthetic Product,CVE-2021-63546,6.1,0.2406,0,0,5,5,1,0,OPEN,2026-09-20,2026-07-20
SYN-0536,Synthetic Product,CVE-2026-59598,8.1,0.0272,0,0,3,3,1,1,OPEN,2026-06-11,2026-07-20
SYN-0537,Synthetic Product,CVE-2021-97231,9.5,0.1297,0,0,5,2,1,0,OPEN,2026-09-21,2026-07-20
SYN-0538,Synthetic Product,CVE-2021-20172,5.5,0.3236,0,0,4,1,0,0,OPEN,2026-08-26,2026-07-20
SYN-0539,Synthetic Product,CVE-2025-68273,5.2,0.1389,0,1,4,4,1,1,OPEN,2026-08-01,2026-07-20
SYN-0540,Synthetic Product,CVE-2026-51625,9.2,0.0185,0,0,4,2,1,0,OPEN,2026-08-14,2026-07-20
SYN-0541,Synthetic Product,CVE-2018-42302,9.5,0.277,0,0,4,2,1,0,OPEN,2026-08-20,2026-07-20
SYN-0542,Synthetic Product,CVE-2019-9635,4.8,0.3689,0,0,3,4,1,0,OPEN,2026-06-30,2026-07-20
SYN-0543,Synthetic Product,CVE-2021-82645,7.7,0.0765,0,0,2,1,1,0,OPEN,2026-09-17,2026-07-20
SYN-0544,Synthetic Product,CVE-2021-60701,9.3,0.1556,0,0,3,1,1,0,OPEN,2026-09-20,2026-07-20
SYN-0545,Synthetic Product,CVE-2021-18213,8.8,0.0651,0,0,1,5,1,1,OPEN,2026-09-12,2026-07-20
SYN-0546,Synthetic Product,CVE-2023-23199,9.2,0.0277,0,0,2,2,1,0,OPEN,2026-06-22,2026-07-20
SYN-0547,Synthetic Product,CVE-2025-38440,7.5,0.2507,0,0,3,3,1,0,OPEN,2026-07-30,2026-07-20
SYN-0548,Synthetic Product,CVE-2024-33622,9.9,0.1711,0,0,3,1,1,0,OPEN,2026-09-11,2026-07-20
SYN-0549,Synthetic Product,CVE-2024-6066,8.4,0.1481,0,0,4,1,1,0,OPEN,2026-06-20,2026-07-20
SYN-0550,Synthetic Product,CVE-2018-33837,9.6,0.0526,0,0,3,5,1,0,OPEN,2026-06-05,2026-07-20
SYN-0551,Synthetic Product,CVE-2024-39142,9.5,0.0039,0,0,5,5,1,0,OPEN,2026-08-07,2026-07-20
SYN-0552,Synthetic Product,CVE-2020-4641,8.2,0.0494,0,0,3,5,1,0,OPEN,2026-09-08,2026-07-20
SYN-0553,Synthetic Product,CVE-2023-32486,8.1,0.0389,0,0,5,4,1,0,OPEN,2026-07-29,2026-07-20
SYN-0554,Synthetic Product,CVE-2020-82507,6.1,0.4522,1,0,4,1,1,0,OPEN,2026-10-09,2026-07-20
SYN-0555,Synthetic Product,CVE-2019-29143,9.5,0.1125,0,1,4,4,1,0,OPEN,2026-08-27,2026-07-20
SYN-0556,Synthetic Product,CVE-2024-39564,8.8,0.5653,0,0,3,4,1,0,OPEN,2026-08-31,2026-07-20
SYN-0557,Synthetic Product,CVE-2018-61477,5.5,0.0011,0,0,3,1,1,0,OPEN,2026-09-02,2026-07-20
SYN-0558,Synthetic Product,CVE-2018-75756,9.9,0.1476,0,0,3,4,1,1,OPEN,2026-08-09,2026-07-20
SYN-0559,Synthetic Product,CVE-2025-72227,9.4,0.0007,0,0,1,3,1,0,OPEN,2026-07-07,2026-07-20
SYN-0560,Synthetic Product,CVE-2026-24063,7.1,0.2703,0,0,1,1,1,0,OPEN,2026-08-11,2026-07-20
SYN-0561,Synthetic Product,CVE-2022-70022,7.2,0.2685,0,0,4,2,1,0,OPEN,2026-09-02,2026-07-20
SYN-0562,Synthetic Product,CVE-2021-68517,5.2,0.1796,0,0,2,3,1,1,OPEN,2026-08-26,2026-07-20
SYN-0563,Synthetic Product,CVE-2019-45600,7.8,0.1791,0,1,2,2,1,0,OPEN,2026-10-10,2026-07-20
SYN-0564,Synthetic Product,CVE-2020-5612,4.7,0.0037,0,0,2,2,1,0,OPEN,2026-08-30,2026-07-20
SYN-0565,Synthetic Product,CVE-2023-2287,8.6,0.7609,1,1,2,3,1,0,OPEN,2026-09-15,2026-07-20
SYN-0566,Synthetic Product,CVE-2019-13478,9.6,0.2402,0,1,3,3,1,0,OPEN,2026-08-15,2026-07-20
SYN-0567,Synthetic Product,CVE-2019-9152,8.7,0.3156,0,1,3,5,1,1,OPEN,2026-08-24,2026-07-20
SYN-0568,Synthetic Product,CVE-2022-29406,7.5,0.1521,0,0,1,2,1,1,OPEN,2026-10-18,2026-07-20
SYN-0569,Synthetic Product,CVE-2021-68247,5.4,0.2509,0,0,1,2,1,1,OPEN,2026-07-23,2026-07-20
SYN-0570,Synthetic Product,CVE-2020-14237,6.2,0.605,1,1,1,3,1,0,OPEN,2026-09-30,2026-07-20
SYN-0571,Synthetic Product,CVE-2024-7441,8.0,0.1346,0,0,4,1,0,0,OPEN,2026-08-04,2026-07-20
SYN-0572,Synthetic Product,CVE-2019-52455,8.0,0.1655,0,0,1,3,1,1,OPEN,2026-08-05,2026-07-20
SYN-0573,Synthetic Product,CVE-2024-7862,7.2,0.0479,0,0,4,2,1,0,OPEN,2026-10-14,2026-07-20
SYN-0574,Synthetic Product,CVE-2024-30877,9.6,0.5251,0,1,3,3,1,0,OPEN,2026-09-01,2026-07-20
SYN-0575,Synthetic Product,CVE-2021-83254,8.7,0.1287,0,0,2,4,1,0,OPEN,2026-06-07,2026-07-20
SYN-0576,Synthetic Product,CVE-2018-14035,7.2,0.1846,0,0,1,3,1,0,OPEN,2026-06-19,2026-07-20
SYN-0577,Synthetic Product,CVE-2024-91229,8.2,0.3291,1,0,1,1,1,0,OPEN,2026-07-12,2026-07-20
SYN-0578,Synthetic Product,CVE-2025-34524,7.9,0.0456,0,0,2,2,1,1,OPEN,2026-08-28,2026-07-20
SYN-0579,Synthetic Product,CVE-2018-70292,6.8,0.3222,0,0,3,1,1,0,OPEN,2026-08-05,2026-07-20
SYN-0580,Synthetic Product,CVE-2023-32087,6.9,0.3008,1,0,1,3,1,1,OPEN,2026-10-12,2026-07-20
SYN-0581,Synthetic Product,CVE-2026-67759,7.9,0.1305,0,1,4,4,1,1,OPEN,2026-09-29,2026-07-20
SYN-0582,Synthetic Product,CVE-2022-18912,6.8,0.1334,0,0,5,1,0,0,OPEN,2026-08-03,2026-07-20
SYN-0583,Synthetic Product,CVE-2021-21363,8.0,0.0013,0,0,4,1,1,0,OPEN,2026-09-18,2026-07-20
SYN-0584,Synthetic Product,CVE-2026-39985,7.5,0.0902,0,1,3,3,1,1,OPEN,2026-07-29,2026-07-20
SYN-0585,Synthetic Product,CVE-2018-17030,7.7,0.006,0,0,1,3,1,1,OPEN,2026-07-27,2026-07-20
SYN-0586,Synthetic Product,CVE-2019-65180,7.7,0.0461,0,0,1,3,1,0,OPEN,2026-09-19,2026-07-20
SYN-0587,Synthetic Product,CVE-2023-2237,6.1,0.0106,0,0,4,1,1,0,OPEN,2026-05-29,2026-07-20
SYN-0588,Synthetic Product,CVE-2026-7493,6.7,0.0981,0,0,1,2,1,0,OPEN,2026-06-12,2026-07-20
SYN-0589,Synthetic Product,CVE-2020-36949,5.9,0.0706,0,0,4,1,1,0,OPEN,2026-09-14,2026-07-20
SYN-0590,Synthetic Product,CVE-2023-60241,9.3,0.1766,0,1,5,3,0,0,OPEN,2026-06-10,2026-07-20
SYN-0591,Synthetic Product,CVE-2023-48741,7.9,0.3617,1,0,2,3,0,0,OPEN,2026-08-30,2026-07-20
SYN-0592,Synthetic Product,CVE-2025-31007,9.3,0.2939,0,1,4,1,0,0,OPEN,2026-05-22,2026-07-20
SYN-0593,Synthetic Product,CVE-2020-49757,7.5,0.0952,0,1,3,2,1,0,OPEN,2026-05-27,2026-07-20
SYN-0594,Synthetic Product,CVE-2023-8506,9.4,0.0546,0,0,3,3,0,1,OPEN,2026-09-20,2026-07-20
SYN-0595,Synthetic Product,CVE-2020-27545,7.3,0.0564,0,0,3,4,0,0,OPEN,2026-07-23,2026-07-20
SYN-0596,Synthetic Product,CVE-2023-57378,8.6,0.0359,0,0,1,2,1,0,OPEN,2026-06-02,2026-07-20
SYN-0597,Synthetic Product,CVE-2026-19876,10.0,0.0417,0,0,4,2,1,1,OPEN,2026-10-05,2026-07-20
SYN-0598,Synthetic Product,CVE-2020-71737,6.2,0.2845,0,1,5,3,1,0,OPEN,2026-09-05,2026-07-20
SYN-0599,Synthetic Product,CVE-2018-45421,7.6,0.3093,0,0,5,5,1,1,OPEN,2026-07-26,2026-07-20
SYN-0600,Synthetic Product,CVE-2019-24580,4.1,0.199,0,1,2,3,1,0,OPEN,2026-10-18,2026-07-20
SYN-0601,Synthetic Product,CVE-2020-18867,6.0,0.3228,0,1,4,4,1,0,OPEN,2026-08-05,2026-07-20
SYN-0602,Synthetic Product,CVE-2022-13566,9.7,0.0014,0,0,5,3,0,1,OPEN,2026-08-09,2026-07-20
SYN-0603,Synthetic Product,CVE-2020-52914,8.5,0.2309,0,0,5,4,1,1,OPEN,2026-07-31,2026-07-20
SYN-0604,Synthetic Product,CVE-2022-63443,9.4,0.0004,0,0,4,2,1,1,OPEN,2026-06-16,2026-07-20
SYN-0605,Synthetic Product,CVE-2021-95104,4.6,0.3736,0,0,4,3,1,0,OPEN,2026-06-29,2026-07-20
SYN-0606,Synthetic Product,CVE-2020-21923,9.5,0.8024,1,1,4,1,0,0,OPEN,2026-08-02,2026-07-20
SYN-0607,Synthetic Product,CVE-2021-74235,6.7,0.4052,0,1,1,3,0,0,OPEN,2026-07-04,2026-07-20
SYN-0608,Synthetic Product,CVE-2026-1434,8.4,0.0651,0,0,1,1,0,0,OPEN,2026-08-08,2026-07-20
SYN-0609,Synthetic Product,CVE-2020-41321,7.3,0.279,0,0,1,4,1,0,OPEN,2026-10-15,2026-07-20
SYN-0610,Synthetic Product,CVE-2022-21365,7.8,0.3143,1,0,4,4,0,0,OPEN,2026-10-17,2026-07-20
SYN-0611,Synthetic Product,CVE-2019-69294,5.9,0.1657,0,1,2,2,1,1,OPEN,2026-08-08,2026-07-20
SYN-0612,Synthetic Product,CVE-2025-41883,9.8,0.1494,0,1,4,2,0,1,OPEN,2026-10-07,2026-07-20
SYN-0613,Synthetic Product,CVE-2022-2414,6.8,0.0643,0,0,1,4,1,0,OPEN,2026-09-06,2026-07-20
SYN-0614,Synthetic Product,CVE-2018-25141,7.5,0.0845,0,1,3,2,1,0,OPEN,2026-07-27,2026-07-20
SYN-0615,Synthetic Product,CVE-2019-25323,8.6,0.0091,0,0,2,2,1,0,OPEN,2026-05-31,2026-07-20
SYN-0616,Synthetic Product,CVE-2026-60152,9.1,0.3669,0,1,2,4,1,1,OPEN,2026-08-31,2026-07-20
SYN-0617,Synthetic Product,CVE-2020-49847,6.5,0.8213,1,0,3,4,1,1,OPEN,2026-09-29,2026-07-20
SYN-0618,Synthetic Product,CVE-2022-46608,6.2,0.0436,0,0,4,5,1,1,OPEN,2026-09-13,2026-07-20
SYN-0619,Synthetic Product,CVE-2024-93175,7.2,0.3082,1,0,4,2,1,0,OPEN,2026-09-15,2026-07-20
SYN-0620,Synthetic Product,CVE-2022-36102,8.6,0.1158,0,0,5,2,1,0,OPEN,2026-08-15,2026-07-20
SYN-0621,Synthetic Product,CVE-2024-19890,6.8,0.5427,0,0,4,4,1,0,OPEN,2026-09-04,2026-07-20
SYN-0622,Synthetic Product,CVE-2021-8263,7.3,0.425,0,1,3,5,1,0,OPEN,2026-09-16,2026-07-20
SYN-0623,Synthetic Product,CVE-2021-11213,7.3,0.0158,0,0,5,4,1,0,OPEN,2026-08-23,2026-07-20
SYN-0624,Synthetic Product,CVE-2018-21700,7.9,0.0172,0,0,2,5,0,0,OPEN,2026-06-08,2026-07-20
SYN-0625,Synthetic Product,CVE-2019-66470,7.4,0.2041,0,1,5,4,0,1,OPEN,2026-09-24,2026-07-20
SYN-0626,Synthetic Product,CVE-2018-85961,8.6,0.0352,0,0,2,1,1,1,OPEN,2026-05-23,2026-07-20
SYN-0627,Synthetic Product,CVE-2026-62635,4.4,0.0144,0,0,4,4,1,0,OPEN,2026-07-19,2026-07-20
SYN-0628,Synthetic Product,CVE-2023-45267,5.1,0.0354,0,0,1,3,0,1,OPEN,2026-10-08,2026-07-20
SYN-0629,Synthetic Product,CVE-2023-19265,8.3,0.3372,0,0,2,1,0,0,OPEN,2026-08-10,2026-07-20
SYN-0630,Synthetic Product,CVE-2020-48124,8.8,0.0152,0,0,1,2,0,0,OPEN,2026-09-22,2026-07-20
SYN-0631,Synthetic Product,CVE-2022-10591,7.3,0.1261,0,1,3,4,1,1,OPEN,2026-09-23,2026-07-20
SYN-0632,Synthetic Product,CVE-2019-87718,8.2,0.0069,0,0,4,1,1,1,OPEN,2026-08-21,2026-07-20
SYN-0633,Synthetic Product,CVE-2020-76580,9.9,0.1121,0,1,3,2,0,0,OPEN,2026-07-21,2026-07-20
SYN-0634,Synthetic Product,CVE-2022-31778,5.4,0.0454,0,0,3,5,1,0,OPEN,2026-10-17,2026-07-20
SYN-0635,Synthetic Product,CVE-2018-25785,4.3,0.0346,0,0,4,3,0,1,OPEN,2026-09-03,2026-07-20
SYN-0636,Synthetic Product,CVE-2024-56289,5.1,0.0149,0,0,4,1,1,1,OPEN,2026-07-29,2026-07-20
SYN-0637,Synthetic Product,CVE-2018-78832,8.2,0.1068,0,0,5,1,0,0,OPEN,2026-08-15,2026-07-20
SYN-0638,Synthetic Product,CVE-2024-25394,7.3,0.0006,0,0,1,5,1,1,OPEN,2026-10-13,2026-07-20
SYN-0639,Synthetic Product,CVE-2024-24703,6.0,0.1919,0,0,3,2,1,0,OPEN,2026-06-30,2026-07-20
SYN-0640,Synthetic Product,CVE-2023-24867,9.1,0.0186,0,0,3,4,1,0,OPEN,2026-07-24,2026-07-20
SYN-0641,Synthetic Product,CVE-2025-70162,6.1,0.1156,0,0,3,1,1,0,OPEN,2026-08-11,2026-07-20
SYN-0642,Synthetic Product,CVE-2018-59971,8.0,0.0722,0,0,4,3,1,0,OPEN,2026-08-16,2026-07-20
SYN-0643,Synthetic Product,CVE-2018-44296,7.1,0.107,0,0,2,1,1,1,OPEN,2026-08-04,2026-07-20
SYN-0644,Synthetic Product,CVE-2022-76467,8.5,0.2017,0,1,1,5,1,0,OPEN,2026-08-19,2026-07-20
SYN-0645,Synthetic Product,CVE-2023-33114,6.2,0.0013,0,0,3,3,1,0,OPEN,2026-08-21,2026-07-20
SYN-0646,Synthetic Product,CVE-2020-98331,8.6,0.1188,0,0,3,4,1,1,OPEN,2026-09-09,2026-07-20
SYN-0647,Synthetic Product,CVE-2025-3396,9.5,0.0144,0,0,3,3,1,0,OPEN,2026-09-03,2026-07-20
SYN-0648,Synthetic Product,CVE-2026-92975,7.2,0.232,0,1,1,3,1,0,OPEN,2026-08-28,2026-07-20
SYN-0649,Synthetic Product,CVE-2023-91297,7.7,0.0393,0,0,5,3,1,0,OPEN,2026-10-02,2026-07-20
SYN-0650,Synthetic Product,CVE-2026-71745,8.2,0.0079,0,0,2,1,1,0,OPEN,2026-09-29,2026-07-20
SYN-0651,Synthetic Product,CVE-2021-27093,6.7,0.1543,0,0,2,3,1,0,OPEN,2026-10-08,2026-07-20
SYN-0652,Synthetic Product,CVE-2023-45370,6.8,0.1453,0,0,4,2,1,0,OPEN,2026-08-09,2026-07-20
SYN-0653,Synthetic Product,CVE-2019-52610,8.2,0.1265,0,1,3,5,1,1,OPEN,2026-09-20,2026-07-20
SYN-0654,Synthetic Product,CVE-2019-88215,7.7,0.3104,0,1,2,3,0,0,OPEN,2026-08-25,2026-07-20
SYN-0655,Synthetic Product,CVE-2022-4817,8.9,0.0011,0,0,3,1,1,1,OPEN,2026-07-22,2026-07-20
SYN-0656,Synthetic Product,CVE-2025-75892,6.1,0.0449,0,0,3,2,1,0,OPEN,2026-09-29,2026-07-20
SYN-0657,Synthetic Product,CVE-2019-10638,5.6,0.1206,0,1,1,5,1,0,OPEN,2026-09-02,2026-07-20
SYN-0658,Synthetic Product,CVE-2024-18231,4.5,0.1548,0,0,4,4,1,0,OPEN,2026-09-10,2026-07-20
SYN-0659,Synthetic Product,CVE-2019-23229,7.6,0.0833,0,1,4,3,0,0,OPEN,2026-10-15,2026-07-20
SYN-0660,Synthetic Product,CVE-2018-91673,8.4,0.0741,0,0,5,3,0,0,OPEN,2026-10-08,2026-07-20
SYN-0661,Synthetic Product,CVE-2021-60215,7.0,0.0555,0,0,4,3,1,0,OPEN,2026-09-10,2026-07-20
SYN-0662,Synthetic Product,CVE-2018-83728,8.4,0.2969,0,1,2,3,1,0,OPEN,2026-09-08,2026-07-20
SYN-0663,Synthetic Product,CVE-2026-82351,7.9,0.2443,0,0,3,3,1,1,OPEN,2026-10-16,2026-07-20
SYN-0664,Synthetic Product,CVE-2026-2217,7.4,0.0365,0,0,5,5,1,0,OPEN,2026-09-28,2026-07-20
SYN-0665,Synthetic Product,CVE-2023-97791,5.8,0.0695,0,0,5,2,1,0,OPEN,2026-07-26,2026-07-20
SYN-0666,Synthetic Product,CVE-2022-66912,7.5,0.0932,0,1,4,3,1,0,OPEN,2026-08-08,2026-07-20
SYN-0667,Synthetic Product,CVE-2022-66114,7.7,0.1451,0,0,5,2,1,0,OPEN,2026-08-06,2026-07-20
SYN-0668,Synthetic Product,CVE-2018-67580,7.6,0.2886,0,1,3,3,0,1,OPEN,2026-07-30,2026-07-20
SYN-0669,Synthetic Product,CVE-2023-41698,9.9,0.3059,0,0,2,2,1,1,OPEN,2026-07-13,2026-07-20
SYN-0670,Synthetic Product,CVE-2019-40578,8.7,0.5362,0,0,2,4,1,0,OPEN,2026-09-27,2026-07-20
SYN-0671,Synthetic Product,CVE-2019-56843,4.5,0.0342,0,0,3,1,1,0,OPEN,2026-10-04,2026-07-20
SYN-0672,Synthetic Product,CVE-2022-77153,9.7,0.2807,0,1,1,1,1,0,OPEN,2026-08-19,2026-07-20
SYN-0673,Synthetic Product,CVE-2023-91170,8.0,0.0201,0,0,3,3,0,0,OPEN,2026-08-15,2026-07-20
SYN-0674,Synthetic Product,CVE-2026-63597,5.4,0.0022,0,0,5,1,1,0,OPEN,2026-07-01,2026-07-20
SYN-0675,Synthetic Product,CVE-2023-59036,6.2,0.2441,0,1,3,3,1,0,OPEN,2026-06-28,2026-07-20
SYN-0676,Synthetic Product,CVE-2019-59189,5.7,0.1436,0,1,4,4,0,1,OPEN,2026-09-07,2026-07-20
SYN-0677,Synthetic Product,CVE-2022-96350,5.6,0.0104,0,0,3,3,1,0,OPEN,2026-06-08,2026-07-20
SYN-0678,Synthetic Product,CVE-2026-70993,7.2,0.0003,0,0,3,5,1,0,OPEN,2026-09-29,2026-07-20
SYN-0679,Synthetic Product,CVE-2022-18230,4.4,0.0688,0,0,3,2,0,0,OPEN,2026-08-28,2026-07-20
SYN-0680,Synthetic Product,CVE-2023-75119,4.7,0.2573,0,1,4,3,1,0,OPEN,2026-08-11,2026-07-20
SYN-0681,Synthetic Product,CVE-2024-46613,8.0,0.5025,0,0,5,5,0,0,OPEN,2026-07-17,2026-07-20
SYN-0682,Synthetic Product,CVE-2019-39714,5.6,0.0794,0,0,3,2,1,0,OPEN,2026-10-08,2026-07-20
SYN-0683,Synthetic Product,CVE-2024-28252,4.7,0.2981,0,0,2,4,1,1,OPEN,2026-06-27,2026-07-20
SYN-0684,Synthetic Product,CVE-2022-51165,7.2,0.2515,0,0,1,4,1,0,OPEN,2026-08-15,2026-07-20
SYN-0685,Synthetic Product,CVE-2021-93009,9.1,0.0807,0,0,1,3,0,1,OPEN,2026-10-14,2026-07-20
SYN-0686,Synthetic Product,CVE-2023-25493,7.4,0.1444,0,1,4,1,1,0,OPEN,2026-07-27,2026-07-20
SYN-0687,Synthetic Product,CVE-2018-80807,8.1,0.3884,0,0,4,4,1,0,OPEN,2026-08-09,2026-07-20
SYN-0688,Synthetic Product,CVE-2020-21934,5.8,0.007,0,0,2,2,1,0,OPEN,2026-09-06,2026-07-20
SYN-0689,Synthetic Product,CVE-2020-74648,7.1,0.1684,0,1,3,2,1,1,OPEN,2026-09-26,2026-07-20
SYN-0690,Synthetic Product,CVE-2020-83531,8.2,0.3038,1,0,2,3,1,0,OPEN,2026-05-31,2026-07-20
SYN-0691,Synthetic Product,CVE-2019-94016,8.2,0.1692,0,1,2,3,1,0,OPEN,2026-08-13,2026-07-20
SYN-0692,Synthetic Product,CVE-2026-26894,8.2,0.0463,0,0,4,1,0,0,OPEN,2026-10-02,2026-07-20
SYN-0693,Synthetic Product,CVE-2020-7935,9.4,0.5892,0,0,5,2,1,0,OPEN,2026-08-02,2026-07-20
SYN-0694,Synthetic Product,CVE-2018-53848,7.2,0.1477,0,0,1,2,1,0,OPEN,2026-08-12,2026-07-20
SYN-0695,Synthetic Product,CVE-2025-31422,7.1,0.3856,0,0,5,1,1,1,OPEN,2026-09-20,2026-07-20
SYN-0696,Synthetic Product,CVE-2025-27604,8.7,0.2142,0,0,1,2,1,1,OPEN,2026-09-28,2026-07-20
SYN-0697,Synthetic Product,CVE-2018-10934,4.8,0.0703,0,0,1,3,0,0,OPEN,2026-09-11,2026-07-20
SYN-0698,Synthetic Product,CVE-2026-93990,4.6,0.0263,0,0,4,4,0,0,OPEN,2026-09-14,2026-07-20
SYN-0699,Synthetic Product,CVE-2026-80877,9.4,0.1781,0,0,3,1,1,0,OPEN,2026-07-31,2026-07-20
SYN-0700,Synthetic Product,CVE-2019-14664,7.8,0.0231,0,0,5,3,1,0,OPEN,2026-08-16,2026-07-20
SYN-0701,Synthetic Product,CVE-2018-64197,9.3,0.4765,0,0,3,3,1,0,OPEN,2026-09-03,2026-07-20
SYN-0702,Synthetic Product,CVE-2026-31162,7.5,0.1019,0,0,1,2,1,1,OPEN,2026-10-11,2026-07-20
SYN-0703,Synthetic Product,CVE-2026-13643,9.4,0.4738,0,1,4,4,1,0,OPEN,2026-10-03,2026-07-20
SYN-0704,Synthetic Product,CVE-2019-24777,6.7,0.4482,0,0,2,1,0,0,OPEN,2026-09-01,2026-07-20
SYN-0705,Synthetic Product,CVE-2025-17224,8.1,0.3456,1,0,3,1,0,0,OPEN,2026-05-26,2026-07-20
SYN-0706,Synthetic Product,CVE-2020-17470,7.2,0.0577,0,0,4,2,1,1,OPEN,2026-07-23,2026-07-20
SYN-0707,Synthetic Product,CVE-2026-29768,8.6,0.0678,0,0,1,4,1,0,OPEN,2026-06-06,2026-07-20
SYN-0708,Synthetic Product,CVE-2025-94813,4.1,0.0752,0,0,4,3,0,0,OPEN,2026-09-09,2026-07-20
SYN-0709,Synthetic Product,CVE-2024-77637,9.8,0.0507,0,0,4,2,0,1,OPEN,2026-06-28,2026-07-20
SYN-0710,Synthetic Product,CVE-2025-73413,6.1,0.2089,0,0,2,2,1,0,OPEN,2026-09-24,2026-07-20
SYN-0711,Synthetic Product,CVE-2025-94357,9.2,0.2267,0,0,3,4,1,0,OPEN,2026-10-16,2026-07-20
SYN-0712,Synthetic Product,CVE-2026-87177,6.0,0.1192,0,1,4,1,1,0,OPEN,2026-09-09,2026-07-20
SYN-0713,Synthetic Product,CVE-2020-40778,7.4,0.0214,0,0,2,3,0,1,OPEN,2026-08-13,2026-07-20
SYN-0714,Synthetic Product,CVE-2023-40220,4.4,0.3241,0,1,4,2,1,1,OPEN,2026-09-02,2026-07-20
SYN-0715,Synthetic Product,CVE-2023-6371,7.0,0.0639,0,0,5,2,1,0,OPEN,2026-08-01,2026-07-20
SYN-0716,Synthetic Product,CVE-2023-6503,7.6,0.0041,0,0,5,5,1,0,OPEN,2026-08-14,2026-07-20
SYN-0717,Synthetic Product,CVE-2026-89969,8.7,0.0934,0,0,2,1,1,1,OPEN,2026-06-13,2026-07-20
SYN-0718,Synthetic Product,CVE-2021-78312,7.5,0.1719,0,0,4,3,1,0,OPEN,2026-07-09,2026-07-20
SYN-0719,Synthetic Product,CVE-2022-46810,6.0,0.1928,0,0,1,4,1,0,OPEN,2026-09-19,2026-07-20
SYN-0720,Synthetic Product,CVE-2024-18167,7.4,0.0982,0,0,3,1,1,1,OPEN,2026-10-09,2026-07-20
SYN-0721,Synthetic Product,CVE-2022-95782,8.7,0.0953,0,1,5,4,0,0,OPEN,2026-05-31,2026-07-20
SYN-0722,Synthetic Product,CVE-2022-84262,5.3,0.1692,0,0,2,2,1,0,OPEN,2026-06-21,2026-07-20
SYN-0723,Synthetic Product,CVE-2022-79896,4.2,0.1342,0,1,4,2,0,1,OPEN,2026-08-15,2026-07-20
SYN-0724,Synthetic Product,CVE-2018-29225,5.8,0.1456,0,0,2,2,1,0,OPEN,2026-10-02,2026-07-20
SYN-0725,Synthetic Product,CVE-2023-18833,9.4,0.1008,0,1,3,4,1,0,OPEN,2026-08-14,2026-07-20
SYN-0726,Synthetic Product,CVE-2025-5598,8.6,0.065,0,0,4,2,1,1,OPEN,2026-06-11,2026-07-20
SYN-0727,Synthetic Product,CVE-2022-36714,4.6,0.2784,0,1,3,3,0,0,OPEN,2026-09-30,2026-07-20
SYN-0728,Synthetic Product,CVE-2018-81300,4.9,0.0449,0,0,3,1,0,0,OPEN,2026-09-14,2026-07-20
SYN-0729,Synthetic Product,CVE-2019-1044,7.0,0.4643,1,1,3,4,1,0,OPEN,2026-08-27,2026-07-20
SYN-0730,Synthetic Product,CVE-2020-20101,9.9,0.0123,0,0,5,3,1,0,OPEN,2026-08-04,2026-07-20
SYN-0731,Synthetic Product,CVE-2018-53256,8.2,0.2639,0,0,4,1,1,0,OPEN,2026-06-15,2026-07-20
SYN-0732,Synthetic Product,CVE-2022-9710,8.4,0.1989,0,0,1,5,1,0,OPEN,2026-06-26,2026-07-20
SYN-0733,Synthetic Product,CVE-2024-95049,8.0,0.0031,0,0,3,4,1,1,OPEN,2026-08-27,2026-07-20
SYN-0734,Synthetic Product,CVE-2020-74066,6.7,0.1045,0,1,3,1,0,0,OPEN,2026-08-22,2026-07-20
SYN-0735,Synthetic Product,CVE-2020-86308,8.3,0.4942,1,0,5,4,1,1,OPEN,2026-09-26,2026-07-20
SYN-0736,Synthetic Product,CVE-2026-27231,7.4,0.4354,0,1,4,4,1,1,OPEN,2026-06-05,2026-07-20
SYN-0737,Synthetic Product,CVE-2024-58079,7.1,0.3771,0,1,5,4,1,0,OPEN,2026-09-09,2026-07-20
SYN-0738,Synthetic Product,CVE-2024-19184,5.9,0.019,0,0,3,3,0,0,OPEN,2026-08-31,2026-07-20
SYN-0739,Synthetic Product,CVE-2022-24806,6.9,0.1192,0,1,3,3,1,0,OPEN,2026-07-18,2026-07-20
SYN-0740,Synthetic Product,CVE-2023-13302,7.3,0.7452,1,1,4,4,1,1,OPEN,2026-06-28,2026-07-20
SYN-0741,Synthetic Product,CVE-2021-80940,7.9,0.443,0,1,2,2,0,0,OPEN,2026-07-24,2026-07-20
SYN-0742,Synthetic Product,CVE-2025-77971,4.6,0.239,0,0,4,2,0,0,OPEN,2026-06-22,2026-07-20
SYN-0743,Synthetic Product,CVE-2022-53929,7.7,0.1357,0,0,3,3,1,0,OPEN,2026-09-10,2026-07-20
SYN-0744,Synthetic Product,CVE-2021-22599,8.2,0.0369,0,0,2,1,1,0,OPEN,2026-08-08,2026-07-20
SYN-0745,Synthetic Product,CVE-2025-66329,9.1,0.1565,0,0,5,4,0,0,OPEN,2026-09-15,2026-07-20
SYN-0746,Synthetic Product,CVE-2025-41547,7.0,0.1272,0,0,3,4,1,0,OPEN,2026-09-08,2026-07-20
SYN-0747,Synthetic Product,CVE-2026-84180,7.4,0.2321,0,0,4,3,1,0,OPEN,2026-08-18,2026-07-20
SYN-0748,Synthetic Product,CVE-2025-79438,6.5,0.0385,0,0,5,1,1,0,OPEN,2026-06-03,2026-07-20
SYN-0749,Synthetic Product,CVE-2020-1193,8.8,0.2547,0,0,4,2,1,0,OPEN,2026-09-11,2026-07-20
SYN-0750,Synthetic Product,CVE-2019-40501,9.8,0.1436,0,0,4,2,1,0,OPEN,2026-09-14,2026-07-20
SYN-0751,Synthetic Product,CVE-2024-31562,8.5,0.0136,0,0,3,2,0,1,OPEN,2026-07-29,2026-07-20
SYN-0752,Synthetic Product,CVE-2021-57080,6.6,0.2456,0,0,3,5,1,1,OPEN,2026-08-15,2026-07-20
SYN-0753,Synthetic Product,CVE-2022-20407,5.3,0.0511,0,0,5,1,1,0,OPEN,2026-08-12,2026-07-20
SYN-0754,Synthetic Product,CVE-2025-74936,7.5,0.5767,0,0,2,5,0,0,OPEN,2026-10-02,2026-07-20
SYN-0755,Synthetic Product,CVE-2024-87701,8.6,0.0284,0,0,3,2,0,0,OPEN,2026-07-09,2026-07-20
SYN-0756,Synthetic Product,CVE-2023-46144,6.3,0.0221,0,0,4,3,1,1,OPEN,2026-07-29,2026-07-20
SYN-0757,Synthetic Product,CVE-2022-31536,7.4,0.051,0,0,2,4,1,1,OPEN,2026-08-28,2026-07-20
SYN-0758,Synthetic Product,CVE-2020-40803,8.4,0.145,0,0,2,4,0,1,OPEN,2026-08-01,2026-07-20
SYN-0759,Synthetic Product,CVE-2022-33268,9.7,0.2527,0,0,2,3,1,0,OPEN,2026-09-02,2026-07-20
SYN-0760,Synthetic Product,CVE-2023-94311,6.5,0.0201,0,0,3,3,1,0,OPEN,2026-09-29,2026-07-20
SYN-0761,Synthetic Product,CVE-2026-89314,4.9,0.0534,0,0,2,3,1,0,OPEN,2026-09-17,2026-07-20
SYN-0762,Synthetic Product,CVE-2025-14251,8.2,0.0702,0,0,4,4,1,0,OPEN,2026-10-18,2026-07-20
SYN-0763,Synthetic Product,CVE-2019-86614,6.1,0.4704,1,0,4,3,1,0,OPEN,2026-09-14,2026-07-20
SYN-0764,Synthetic Product,CVE-2026-9623,8.5,0.4817,1,0,3,3,1,0,OPEN,2026-06-25,2026-07-20
SYN-0765,Synthetic Product,CVE-2026-21249,8.6,0.1106,0,1,1,3,1,0,OPEN,2026-08-03,2026-07-20
SYN-0766,Synthetic Product,CVE-2019-24510,8.5,0.2042,0,0,4,5,1,1,OPEN,2026-07-28,2026-07-20
SYN-0767,Synthetic Product,CVE-2020-91876,9.0,0.1203,0,1,2,2,1,0,OPEN,2026-09-10,2026-07-20
SYN-0768,Synthetic Product,CVE-2018-59225,8.2,0.0667,0,0,3,1,0,0,OPEN,2026-10-14,2026-07-20
SYN-0769,Synthetic Product,CVE-2020-7470,9.2,0.0789,0,0,2,4,0,1,OPEN,2026-05-31,2026-07-20
SYN-0770,Synthetic Product,CVE-2022-81514,8.7,0.4625,1,0,4,3,1,0,OPEN,2026-09-01,2026-07-20
SYN-0771,Synthetic Product,CVE-2023-42283,6.2,0.0418,0,0,3,2,1,1,OPEN,2026-06-18,2026-07-20
SYN-0772,Synthetic Product,CVE-2022-14473,4.4,0.0115,0,0,1,1,1,1,OPEN,2026-10-17,2026-07-20
SYN-0773,Synthetic Product,CVE-2022-56476,5.3,0.2027,0,0,3,4,1,0,OPEN,2026-09-15,2026-07-20
SYN-0774,Synthetic Product,CVE-2023-59634,4.5,0.506,0,0,3,4,0,1,OPEN,2026-09-25,2026-07-20
SYN-0775,Synthetic Product,CVE-2018-93979,7.3,0.3622,0,0,4,5,0,0,OPEN,2026-08-18,2026-07-20
SYN-0776,Synthetic Product,CVE-2023-6719,8.0,0.1028,0,0,2,1,1,0,OPEN,2026-07-28,2026-07-20
SYN-0777,Synthetic Product,CVE-2019-26827,5.0,0.2065,0,0,1,2,1,0,OPEN,2026-09-26,2026-07-20
SYN-0778,Synthetic Product,CVE-2023-80507,7.2,0.0432,0,0,3,1,1,0,OPEN,2026-08-26,2026-07-20
SYN-0779,Synthetic Product,CVE-2020-57403,8.5,0.019,0,0,3,2,1,0,OPEN,2026-07-23,2026-07-20
SYN-0780,Synthetic Product,CVE-2021-28968,7.1,0.2127,0,0,2,2,1,1,OPEN,2026-08-28,2026-07-20
SYN-0781,Synthetic Product,CVE-2023-25943,8.7,0.0003,0,0,1,2,1,0,OPEN,2026-10-15,2026-07-20
SYN-0782,Synthetic Product,CVE-2026-7629,7.8,0.011,0,0,3,5,1,0,OPEN,2026-09-20,2026-07-20
SYN-0783,Synthetic Product,CVE-2022-86565,7.3,0.4862,1,0,2,2,1,0,OPEN,2026-08-14,2026-07-20
SYN-0784,Synthetic Product,CVE-2023-75190,7.6,0.1937,0,0,4,3,0,0,OPEN,2026-06-04,2026-07-20
SYN-0785,Synthetic Product,CVE-2021-82969,8.4,0.3301,0,0,1,3,0,0,OPEN,2026-10-12,2026-07-20
SYN-0786,Synthetic Product,CVE-2025-34545,9.7,0.1573,0,0,3,1,0,0,OPEN,2026-05-27,2026-07-20
SYN-0787,Synthetic Product,CVE-2020-17231,8.1,0.2642,0,1,3,2,1,0,OPEN,2026-08-04,2026-07-20
SYN-0788,Synthetic Product,CVE-2021-9458,7.5,0.0482,0,0,4,2,1,0,OPEN,2026-08-10,2026-07-20
SYN-0789,Synthetic Product,CVE-2024-43068,4.7,0.1283,0,0,3,3,1,0,OPEN,2026-06-18,2026-07-20
SYN-0790,Synthetic Product,CVE-2019-83922,8.8,0.1159,0,0,4,2,1,0,OPEN,2026-07-16,2026-07-20
SYN-0791,Synthetic Product,CVE-2018-5851,6.1,0.2359,0,0,5,3,0,0,OPEN,2026-08-07,2026-07-20
SYN-0792,Synthetic Product,CVE-2026-19745,7.0,0.2223,0,0,3,2,1,0,OPEN,2026-07-30,2026-07-20
SYN-0793,Synthetic Product,CVE-2024-3814,7.2,0.0139,0,0,4,1,1,1,OPEN,2026-08-13,2026-07-20
SYN-0794,Synthetic Product,CVE-2023-76599,5.9,0.2805,0,1,3,4,1,0,OPEN,2026-08-22,2026-07-20
SYN-0795,Synthetic Product,CVE-2019-16772,8.8,0.3021,0,1,3,5,1,0,OPEN,2026-08-09,2026-07-20
SYN-0796,Synthetic Product,CVE-2020-69005,7.3,0.1856,0,0,3,1,1,1,OPEN,2026-08-17,2026-07-20
SYN-0797,Synthetic Product,CVE-2022-90846,8.1,0.4082,1,0,3,1,1,0,OPEN,2026-05-28,2026-07-20
SYN-0798,Synthetic Product,CVE-2020-4656,8.6,0.1609,0,1,3,4,1,1,OPEN,2026-10-09,2026-07-20
SYN-0799,Synthetic Product,CVE-2025-22001,7.4,0.1725,0,1,1,4,1,0,OPEN,2026-10-03,2026-07-20
SYN-0800,Synthetic Product,CVE-2022-18893,9.4,0.4579,1,0,3,4,1,0,OPEN,2026-09-11,2026-07-20
SYN-0801,Synthetic Product,CVE-2026-57690,4.8,0.6198,1,0,3,2,1,0,OPEN,2026-08-27,2026-07-20
SYN-0802,Synthetic Product,CVE-2024-96508,8.0,0.0914,0,1,4,5,0,1,OPEN,2026-08-12,2026-07-20
SYN-0803,Synthetic Product,CVE-2025-25073,8.3,0.1279,0,1,2,4,0,1,OPEN,2026-09-06,2026-07-20
SYN-0804,Synthetic Product,CVE-2024-45924,8.6,0.2126,0,0,3,3,0,0,OPEN,2026-08-19,2026-07-20
SYN-0805,Synthetic Product,CVE-2019-71924,9.5,0.3745,1,0,3,1,1,0,OPEN,2026-05-24,2026-07-20
SYN-0806,Synthetic Product,CVE-2019-74327,6.5,0.1618,0,0,3,1,1,0,OPEN,2026-09-20,2026-07-20
SYN-0807,Synthetic Product,CVE-2025-89011,6.1,0.1712,0,0,4,3,1,0,OPEN,2026-08-14,2026-07-20
SYN-0808,Synthetic Product,CVE-2018-79730,4.5,0.5021,0,1,1,2,0,0,OPEN,2026-08-06,2026-07-20
SYN-0809,Synthetic Product,CVE-2026-98205,6.4,0.0989,0,1,3,3,1,0,OPEN,2026-09-06,2026-07-20
SYN-0810,Synthetic Product,CVE-2020-56131,7.8,0.0858,0,0,3,3,1,1,OPEN,2026-07-31,2026-07-20
SYN-0811,Synthetic Product,CVE-2019-35738,5.8,0.0698,0,0,4,4,0,0,OPEN,2026-10-18,2026-07-20
SYN-0812,Synthetic Product,CVE-2020-36079,7.3,0.092,0,0,3,2,1,0,OPEN,2026-08-29,2026-07-20
SYN-0813,Synthetic Product,CVE-2019-16433,9.1,0.0723,0,0,2,3,0,1,OPEN,2026-08-16,2026-07-20
SYN-0814,Synthetic Product,CVE-2018-88335,5.6,0.3754,1,0,4,3,1,1,OPEN,2026-06-06,2026-07-20
SYN-0815,Synthetic Product,CVE-2023-81520,5.8,0.0742,0,0,4,3,0,1,OPEN,2026-10-10,2026-07-20
SYN-0816,Synthetic Product,CVE-2025-43516,7.0,0.3009,0,0,4,3,0,0,OPEN,2026-07-13,2026-07-20
SYN-0817,Synthetic Product,CVE-2025-33968,9.7,0.123,0,1,5,2,0,0,OPEN,2026-08-05,2026-07-20
SYN-0818,Synthetic Product,CVE-2025-9665,8.5,0.4027,0,0,3,2,0,0,OPEN,2026-05-23,2026-07-20
SYN-0819,Synthetic Product,CVE-2026-49757,5.6,0.4346,0,0,2,1,1,1,OPEN,2026-08-04,2026-07-20
SYN-0820,Synthetic Product,CVE-2024-27427,6.3,0.0952,0,0,5,2,0,0,OPEN,2026-09-25,2026-07-20
SYN-0821,Synthetic Product,CVE-2020-21872,7.9,0.3798,1,0,5,2,1,0,OPEN,2026-08-05,2026-07-20
SYN-0822,Synthetic Product,CVE-2026-51198,9.5,0.0832,0,1,5,2,1,0,OPEN,2026-08-25,2026-07-20
SYN-0823,Synthetic Product,CVE-2018-43244,7.2,0.1073,0,0,3,2,1,1,OPEN,2026-09-28,2026-07-20
SYN-0824,Synthetic Product,CVE-2024-50932,6.0,0.1184,0,1,3,4,0,1,OPEN,2026-08-04,2026-07-20
SYN-0825,Synthetic Product,CVE-2018-19242,5.2,0.1049,0,0,4,2,0,0,OPEN,2026-08-13,2026-07-20
SYN-0826,Synthetic Product,CVE-2024-24058,7.5,0.0274,0,0,3,2,0,0,OPEN,2026-08-21,2026-07-20
SYN-0827,Synthetic Product,CVE-2018-7871,4.6,0.2018,0,1,3,4,1,0,OPEN,2026-08-19,2026-07-20
SYN-0828,Synthetic Product,CVE-2018-80234,8.7,0.0675,0,0,1,4,1,0,OPEN,2026-07-29,2026-07-20
SYN-0829,Synthetic Product,CVE-2026-93603,7.3,0.0959,0,1,5,5,0,0,OPEN,2026-06-03,2026-07-20
SYN-0830,Synthetic Product,CVE-2023-16760,6.8,0.4146,1,0,5,1,1,1,OPEN,2026-05-28,2026-07-20
SYN-0831,Synthetic Product,CVE-2022-81224,8.5,0.3953,1,0,1,3,1,1,OPEN,2026-07-13,2026-07-20
SYN-0832,Synthetic Product,CVE-2023-45761,7.5,0.3886,1,1,2,2,0,0,OPEN,2026-08-13,2026-07-20
SYN-0833,Synthetic Product,CVE-2021-30175,9.2,0.1623,0,1,5,4,1,0,OPEN,2026-08-22,2026-07-20
SYN-0834,Synthetic Product,CVE-2023-30058,6.2,0.1711,0,0,2,2,1,0,OPEN,2026-05-23,2026-07-20
SYN-0835,Synthetic Product,CVE-2021-27264,7.6,0.0456,0,0,4,4,0,1,OPEN,2026-08-22,2026-07-20
SYN-0836,Synthetic Product,CVE-2022-39946,7.9,0.0091,0,0,4,4,1,1,OPEN,2026-10-07,2026-07-20
SYN-0837,Synthetic Product,CVE-2018-17978,8.8,0.0879,0,0,4,5,1,1,OPEN,2026-09-03,2026-07-20
SYN-0838,Synthetic Product,CVE-2021-87589,8.4,0.0641,0,0,2,4,1,0,OPEN,2026-08-27,2026-07-20
SYN-0839,Synthetic Product,CVE-2021-23895,9.9,0.047,0,0,1,3,1,0,OPEN,2026-08-15,2026-07-20
SYN-0840,Synthetic Product,CVE-2019-38875,4.1,0.1592,0,1,3,2,0,0,OPEN,2026-08-30,2026-07-20
SYN-0841,Synthetic Product,CVE-2019-68739,6.2,0.0868,0,1,4,2,1,0,OPEN,2026-10-14,2026-07-20
SYN-0842,Synthetic Product,CVE-2022-48969,7.9,0.0274,0,0,3,2,1,1,OPEN,2026-10-13,2026-07-20
SYN-0843,Synthetic Product,CVE-2022-92523,8.5,0.1149,0,0,2,1,1,0,OPEN,2026-09-01,2026-07-20
SYN-0844,Synthetic Product,CVE-2021-18494,10.0,0.2702,0,0,1,1,1,0,OPEN,2026-08-02,2026-07-20
SYN-0845,Synthetic Product,CVE-2026-19174,8.3,0.2984,0,1,3,2,1,0,OPEN,2026-08-05,2026-07-20
SYN-0846,Synthetic Product,CVE-2020-66717,7.9,0.098,0,0,5,3,1,0,OPEN,2026-10-10,2026-07-20
SYN-0847,Synthetic Product,CVE-2019-65793,8.6,0.2293,0,0,4,5,1,0,OPEN,2026-08-08,2026-07-20
SYN-0848,Synthetic Product,CVE-2024-38633,4.9,0.2437,0,0,4,1,0,0,OPEN,2026-10-02,2026-07-20
SYN-0849,Synthetic Product,CVE-2023-95883,8.2,0.0539,0,0,5,4,1,0,OPEN,2026-10-12,2026-07-20
SYN-0850,Synthetic Product,CVE-2021-65332,4.4,0.3127,1,0,5,3,1,0,OPEN,2026-05-31,2026-07-20
SYN-0851,Synthetic Product,CVE-2026-76198,7.3,0.0583,0,0,5,1,0,0,OPEN,2026-09-08,2026-07-20
SYN-0852,Synthetic Product,CVE-2023-32431,9.0,0.0454,0,0,1,1,1,1,OPEN,2026-08-28,2026-07-20
SYN-0853,Synthetic Product,CVE-2019-28897,5.9,0.2599,0,0,3,1,1,1,OPEN,2026-08-19,2026-07-20
SYN-0854,Synthetic Product,CVE-2018-55445,7.7,0.0624,0,0,3,3,1,0,OPEN,2026-07-30,2026-07-20
SYN-0855,Synthetic Product,CVE-2019-74849,8.4,0.0499,0,0,2,4,1,0,OPEN,2026-09-27,2026-07-20
SYN-0856,Synthetic Product,CVE-2024-76789,4.3,0.9614,1,1,2,3,1,0,OPEN,2026-09-25,2026-07-20
SYN-0857,Synthetic Product,CVE-2025-52601,5.6,0.0886,0,0,3,3,1,0,OPEN,2026-07-06,2026-07-20
SYN-0858,Synthetic Product,CVE-2021-30635,8.8,0.1432,0,1,3,2,1,0,OPEN,2026-08-18,2026-07-20
SYN-0859,Synthetic Product,CVE-2026-46202,8.0,0.1867,0,1,3,3,1,0,OPEN,2026-09-29,2026-07-20
SYN-0860,Synthetic Product,CVE-2023-40068,9.6,0.3113,0,0,4,2,1,0,OPEN,2026-09-20,2026-07-20
SYN-0861,Synthetic Product,CVE-2020-15068,4.5,0.0001,0,0,4,5,1,0,OPEN,2026-06-06,2026-07-20
SYN-0862,Synthetic Product,CVE-2025-95516,9.2,0.5606,1,1,4,1,1,1,OPEN,2026-10-09,2026-07-20
SYN-0863,Synthetic Product,CVE-2023-90481,7.5,0.04,0,0,3,3,0,1,OPEN,2026-08-05,2026-07-20
SYN-0864,Synthetic Product,CVE-2024-53220,6.4,0.2344,0,1,4,2,1,1,OPEN,2026-07-24,2026-07-20
SYN-0865,Synthetic Product,CVE-2023-26336,7.1,0.1696,0,1,4,5,1,0,OPEN,2026-08-25,2026-07-20
SYN-0866,Synthetic Product,CVE-2026-80312,7.0,0.1327,0,0,1,2,1,0,OPEN,2026-06-12,2026-07-20
SYN-0867,Synthetic Product,CVE-2025-53157,9.6,0.0396,0,0,2,2,0,0,OPEN,2026-09-27,2026-07-20
SYN-0868,Synthetic Product,CVE-2024-83770,8.9,0.1075,0,0,5,5,1,0,OPEN,2026-06-18,2026-07-20
SYN-0869,Synthetic Product,CVE-2024-46383,7.4,0.8673,1,0,4,2,0,0,OPEN,2026-09-02,2026-07-20
SYN-0870,Synthetic Product,CVE-2024-87439,8.1,0.3452,1,0,3,1,1,0,OPEN,2026-09-22,2026-07-20
SYN-0871,Synthetic Product,CVE-2023-89301,7.3,0.1568,0,0,1,3,0,0,OPEN,2026-07-22,2026-07-20
SYN-0872,Synthetic Product,CVE-2023-47763,9.2,0.0782,0,0,3,2,0,0,OPEN,2026-06-18,2026-07-20
SYN-0873,Synthetic Product,CVE-2020-36503,5.0,0.0002,0,0,2,5,0,1,OPEN,2026-08-16,2026-07-20
SYN-0874,Synthetic Product,CVE-2025-87320,6.4,0.1458,0,1,1,5,0,1,OPEN,2026-09-17,2026-07-20
SYN-0875,Synthetic Product,CVE-2018-73882,4.7,0.3098,0,0,2,1,0,0,OPEN,2026-09-16,2026-07-20
SYN-0876,Synthetic Product,CVE-2020-83123,9.7,0.087,0,0,3,4,1,0,OPEN,2026-08-20,2026-07-20
SYN-0877,Synthetic Product,CVE-2020-46490,8.8,0.5342,0,0,3,3,1,0,OPEN,2026-10-09,2026-07-20
SYN-0878,Synthetic Product,CVE-2020-80828,8.2,0.2325,0,1,5,5,1,0,OPEN,2026-09-27,2026-07-20
SYN-0879,Synthetic Product,CVE-2019-91850,7.1,0.143,0,1,5,4,0,0,OPEN,2026-09-28,2026-07-20
SYN-0880,Synthetic Product,CVE-2024-38863,9.5,0.0313,0,0,1,1,1,1,OPEN,2026-06-29,2026-07-20
SYN-0881,Synthetic Product,CVE-2020-70769,7.6,0.3131,0,0,2,3,1,0,OPEN,2026-10-10,2026-07-20
SYN-0882,Synthetic Product,CVE-2018-9575,5.3,0.0913,0,0,2,2,0,0,OPEN,2026-09-02,2026-07-20
SYN-0883,Synthetic Product,CVE-2023-11250,6.5,0.3734,0,0,3,5,1,1,OPEN,2026-09-30,2026-07-20
SYN-0884,Synthetic Product,CVE-2025-31383,8.0,0.3105,0,1,2,1,0,0,OPEN,2026-08-08,2026-07-20
SYN-0885,Synthetic Product,CVE-2022-2903,7.1,0.1898,0,0,5,5,1,0,OPEN,2026-07-26,2026-07-20
SYN-0886,Synthetic Product,CVE-2025-84750,7.1,0.3495,1,0,2,1,0,1,OPEN,2026-09-02,2026-07-20
SYN-0887,Synthetic Product,CVE-2021-12667,7.2,0.0544,0,0,4,4,0,0,OPEN,2026-09-21,2026-07-20
SYN-0888,Synthetic Product,CVE-2018-12791,7.9,0.438,0,0,2,4,0,0,OPEN,2026-08-24,2026-07-20
SYN-0889,Synthetic Product,CVE-2021-29921,7.9,0.0541,0,0,1,2,1,0,OPEN,2026-08-11,2026-07-20
SYN-0890,Synthetic Product,CVE-2026-60192,7.7,0.3392,1,0,2,2,1,0,OPEN,2026-09-05,2026-07-20
SYN-0891,Synthetic Product,CVE-2021-32195,8.4,0.07,0,0,2,2,1,0,OPEN,2026-08-26,2026-07-20
SYN-0892,Synthetic Product,CVE-2022-67715,8.3,0.1119,0,0,2,5,1,0,OPEN,2026-07-23,2026-07-20
SYN-0893,Synthetic Product,CVE-2024-86738,8.1,0.0559,0,0,3,2,1,1,OPEN,2026-06-24,2026-07-20
SYN-0894,Synthetic Product,CVE-2025-96618,7.3,0.2897,0,0,3,2,0,0,OPEN,2026-08-01,2026-07-20
SYN-0895,Synthetic Product,CVE-2020-19961,5.9,0.265,0,0,1,2,1,1,OPEN,2026-09-29,2026-07-20
SYN-0896,Synthetic Product,CVE-2026-95628,7.3,0.3924,0,0,3,2,0,0,OPEN,2026-10-01,2026-07-20
SYN-0897,Synthetic Product,CVE-2024-55231,7.7,0.0586,0,0,3,2,1,1,OPEN,2026-07-21,2026-07-20
SYN-0898,Synthetic Product,CVE-2023-54554,7.2,0.3686,0,1,3,2,0,0,OPEN,2026-08-28,2026-07-20
SYN-0899,Synthetic Product,CVE-2023-51784,8.3,0.3573,0,1,4,3,1,0,OPEN,2026-08-05,2026-07-20
SYN-0900,Synthetic Product,CVE-2023-36355,8.7,0.3852,1,0,3,2,1,1,OPEN,2026-10-08,2026-07-20
SYN-0901,Synthetic Product,CVE-2018-71611,8.3,0.0387,0,0,3,3,1,0,OPEN,2026-10-03,2026-07-20
SYN-0902,Synthetic Product,CVE-2020-28562,7.1,0.3526,0,0,1,2,1,0,OPEN,2026-08-15,2026-07-20
SYN-0903,Synthetic Product,CVE-2021-12058,8.7,0.0186,0,0,4,5,1,1,OPEN,2026-07-27,2026-07-20
SYN-0904,Synthetic Product,CVE-2024-52437,9.2,0.1592,0,0,2,3,1,0,OPEN,2026-06-15,2026-07-20
SYN-0905,Synthetic Product,CVE-2026-88662,8.5,0.0686,0,0,1,1,0,1,OPEN,2026-05-24,2026-07-20
SYN-0906,Synthetic Product,CVE-2023-5107,9.6,0.0706,0,0,3,1,1,0,OPEN,2026-10-13,2026-07-20
SYN-0907,Synthetic Product,CVE-2018-39938,8.3,0.2976,0,0,3,1,1,0,OPEN,2026-10-01,2026-07-20
SYN-0908,Synthetic Product,CVE-2025-11481,6.7,0.3867,0,0,3,4,1,0,OPEN,2026-10-18,2026-07-20
SYN-0909,Synthetic Product,CVE-2022-39806,8.1,0.2428,0,0,3,2,0,0,OPEN,2026-09-03,2026-07-20
SYN-0910,Synthetic Product,CVE-2020-18513,7.5,0.1174,0,0,1,3,1,1,OPEN,2026-06-26,2026-07-20
SYN-0911,Synthetic Product,CVE-2025-91242,4.3,0.0083,0,0,1,3,1,0,OPEN,2026-09-22,2026-07-20
SYN-0912,Synthetic Product,CVE-2020-30057,8.9,0.0616,0,0,2,2,1,0,OPEN,2026-10-03,2026-07-20
SYN-0913,Synthetic Product,CVE-2022-10554,8.0,0.3298,0,0,2,5,1,1,OPEN,2026-08-15,2026-07-20
SYN-0914,Synthetic Product,CVE-2020-25517,8.4,0.3349,0,1,3,1,1,1,OPEN,2026-07-28,2026-07-20
SYN-0915,Synthetic Product,CVE-2024-76486,9.8,0.5145,1,0,5,5,1,1,OPEN,2026-05-25,2026-07-20
SYN-0916,Synthetic Product,CVE-2020-49190,5.1,0.2448,0,1,5,3,1,0,OPEN,2026-08-11,2026-07-20
SYN-0917,Synthetic Product,CVE-2026-86793,6.6,0.0184,0,0,3,3,1,0,OPEN,2026-10-08,2026-07-20
SYN-0918,Synthetic Product,CVE-2026-56974,6.6,0.343,0,1,1,3,1,1,OPEN,2026-07-13,2026-07-20
SYN-0919,Synthetic Product,CVE-2019-90269,9.6,0.0472,0,0,4,3,1,1,OPEN,2026-08-12,2026-07-20
SYN-0920,Synthetic Product,CVE-2020-35874,8.8,0.0694,0,0,2,2,1,0,OPEN,2026-09-16,2026-07-20
SYN-0921,Synthetic Product,CVE-2021-89097,8.9,0.1193,0,0,3,2,1,0,OPEN,2026-08-10,2026-07-20
SYN-0922,Synthetic Product,CVE-2025-53805,8.2,0.6083,0,0,5,5,1,0,OPEN,2026-10-15,2026-07-20
SYN-0923,Synthetic Product,CVE-2023-29097,10.0,0.0794,0,0,4,1,1,0,OPEN,2026-08-14,2026-07-20
SYN-0924,Synthetic Product,CVE-2020-68588,8.3,0.0999,0,1,2,5,0,1,OPEN,2026-07-15,2026-07-20
SYN-0925,Synthetic Product,CVE-2024-26096,9.5,0.1907,0,1,3,1,1,0,OPEN,2026-08-24,2026-07-20
SYN-0926,Synthetic Product,CVE-2022-49296,5.0,0.2109,0,1,1,5,1,0,OPEN,2026-08-22,2026-07-20
SYN-0927,Synthetic Product,CVE-2023-2710,5.4,0.1328,0,0,5,4,1,0,OPEN,2026-10-09,2026-07-20
SYN-0928,Synthetic Product,CVE-2021-40534,7.4,0.0192,0,0,2,4,0,0,OPEN,2026-10-06,2026-07-20
SYN-0929,Synthetic Product,CVE-2024-93958,6.8,0.0634,0,0,4,4,1,0,OPEN,2026-06-17,2026-07-20
SYN-0930,Synthetic Product,CVE-2020-78802,8.4,0.2272,0,0,2,5,1,0,OPEN,2026-09-21,2026-07-20
SYN-0931,Synthetic Product,CVE-2019-68772,9.2,0.1142,0,0,3,3,1,1,OPEN,2026-08-26,2026-07-20
SYN-0932,Synthetic Product,CVE-2026-69782,9.1,0.1483,0,0,4,4,1,0,OPEN,2026-08-24,2026-07-20
SYN-0933,Synthetic Product,CVE-2026-59358,8.7,0.1806,0,0,4,2,0,0,OPEN,2026-08-21,2026-07-20
SYN-0934,Synthetic Product,CVE-2021-29088,6.3,0.048,0,0,4,2,1,0,OPEN,2026-09-02,2026-07-20
SYN-0935,Synthetic Product,CVE-2022-89035,8.5,0.3144,1,0,4,4,1,0,OPEN,2026-06-26,2026-07-20
SYN-0936,Synthetic Product,CVE-2018-36341,7.1,0.3801,0,1,4,1,1,1,OPEN,2026-08-30,2026-07-20
SYN-0937,Synthetic Product,CVE-2021-78867,7.3,0.2475,0,0,5,3,1,1,OPEN,2026-09-28,2026-07-20
SYN-0938,Synthetic Product,CVE-2018-69407,7.2,0.0188,0,0,4,2,0,0,OPEN,2026-10-08,2026-07-20
SYN-0939,Synthetic Product,CVE-2020-83599,5.3,0.3169,0,0,1,2,0,0,OPEN,2026-08-30,2026-07-20
SYN-0940,Synthetic Product,CVE-2020-91645,9.1,0.2109,0,0,1,2,1,0,OPEN,2026-10-17,2026-07-20
SYN-0941,Synthetic Product,CVE-2019-21236,7.5,0.1634,0,0,4,4,1,1,OPEN,2026-06-08,2026-07-20
SYN-0942,Synthetic Product,CVE-2020-18567,8.4,0.0324,0,0,3,4,1,0,OPEN,2026-08-02,2026-07-20
SYN-0943,Synthetic Product,CVE-2020-8780,7.6,0.0965,0,0,4,3,1,0,OPEN,2026-08-12,2026-07-20
SYN-0944,Synthetic Product,CVE-2020-93553,7.7,0.0164,0,0,2,1,0,1,OPEN,2026-08-09,2026-07-20
SYN-0945,Synthetic Product,CVE-2019-32033,7.8,0.4314,1,0,3,4,1,0,OPEN,2026-09-22,2026-07-20
SYN-0946,Synthetic Product,CVE-2026-84811,8.3,0.3183,0,1,4,3,1,0,OPEN,2026-10-05,2026-07-20
SYN-0947,Synthetic Product,CVE-2020-18035,6.8,0.399,0,1,1,4,1,1,OPEN,2026-08-29,2026-07-20
SYN-0948,Synthetic Product,CVE-2021-49276,5.8,0.038,0,0,3,4,1,0,OPEN,2026-09-30,2026-07-20
SYN-0949,Synthetic Product,CVE-2019-9923,9.2,0.0114,0,0,3,1,1,0,OPEN,2026-10-09,2026-07-20
SYN-0950,Synthetic Product,CVE-2026-33367,9.5,0.5585,0,1,3,4,1,0,OPEN,2026-09-02,2026-07-20
SYN-0951,Synthetic Product,CVE-2025-75054,8.7,0.23,0,1,2,2,1,0,OPEN,2026-09-27,2026-07-20
SYN-0952,Synthetic Product,CVE-2019-98015,8.7,0.1577,0,1,2,5,1,0,OPEN,2026-09-06,2026-07-20
SYN-0953,Synthetic Product,CVE-2022-64422,8.1,0.5031,1,0,2,3,1,0,OPEN,2026-08-09,2026-07-20
SYN-0954,Synthetic Product,CVE-2026-1394,9.4,0.18,0,1,2,5,1,0,OPEN,2026-08-20,2026-07-20
SYN-0955,Synthetic Product,CVE-2025-28867,4.4,0.2193,0,0,5,5,1,1,OPEN,2026-10-06,2026-07-20
SYN-0956,Synthetic Product,CVE-2025-88280,6.4,0.1419,0,0,4,1,1,0,OPEN,2026-09-23,2026-07-20
SYN-0957,Synthetic Product,CVE-2025-79739,8.4,0.4799,1,1,2,4,0,0,OPEN,2026-09-02,2026-07-20
SYN-0958,Synthetic Product,CVE-2023-4181,6.2,0.3076,1,0,2,1,1,0,OPEN,2026-07-27,2026-07-20
SYN-0959,Synthetic Product,CVE-2023-49443,7.1,0.0989,0,0,4,5,0,0,OPEN,2026-10-05,2026-07-20
SYN-0960,Synthetic Product,CVE-2022-49946,8.2,0.0121,0,0,2,4,1,0,OPEN,2026-07-19,2026-07-20
SYN-0961,Synthetic Product,CVE-2026-57135,7.8,0.0407,0,0,4,4,1,0,OPEN,2026-08-06,2026-07-20
SYN-0962,Synthetic Product,CVE-2019-30837,8.1,0.1321,0,0,1,4,1,0,OPEN,2026-08-11,2026-07-20
SYN-0963,Synthetic Product,CVE-2024-88062,8.4,0.3411,0,0,4,1,1,1,OPEN,2026-08-19,2026-07-20
SYN-0964,Synthetic Product,CVE-2024-94181,8.8,0.0379,0,0,4,1,1,0,OPEN,2026-10-16,2026-07-20
SYN-0965,Synthetic Product,CVE-2020-13657,5.0,0.3389,0,0,2,4,1,0,OPEN,2026-09-02,2026-07-20
SYN-0966,Synthetic Product,CVE-2022-14951,8.7,0.4234,1,1,3,4,1,1,OPEN,2026-08-23,2026-07-20
SYN-0967,Synthetic Product,CVE-2018-88254,4.9,0.2601,0,0,4,3,1,0,OPEN,2026-09-18,2026-07-20
SYN-0968,Synthetic Product,CVE-2019-57292,4.8,0.034,0,0,3,2,0,0,OPEN,2026-07-08,2026-07-20
SYN-0969,Synthetic Product,CVE-2024-64018,7.5,0.0226,0,0,3,3,1,0,OPEN,2026-09-19,2026-07-20
SYN-0970,Synthetic Product,CVE-2022-27621,9.2,0.0083,0,0,2,1,0,0,OPEN,2026-07-12,2026-07-20
SYN-0971,Synthetic Product,CVE-2019-88247,5.6,0.4135,0,0,3,5,1,0,OPEN,2026-09-27,2026-07-20
SYN-0972,Synthetic Product,CVE-2021-18407,7.0,0.0082,0,0,3,2,1,0,OPEN,2026-07-28,2026-07-20
SYN-0973,Synthetic Product,CVE-2025-17105,6.6,0.0542,0,0,3,1,1,0,OPEN,2026-07-30,2026-07-20
SYN-0974,Synthetic Product,CVE-2025-92837,7.5,0.0149,0,0,2,4,0,1,OPEN,2026-08-30,2026-07-20
SYN-0975,Synthetic Product,CVE-2021-60917,4.9,0.1258,0,1,5,2,1,0,OPEN,2026-08-06,2026-07-20
SYN-0976,Synthetic Product,CVE-2019-47358,9.6,0.3264,1,0,5,2,1,1,OPEN,2026-06-06,2026-07-20
SYN-0977,Synthetic Product,CVE-2024-5178,4.4,0.0043,0,0,4,3,1,0,OPEN,2026-08-25,2026-07-20
SYN-0978,Synthetic Product,CVE-2022-40706,9.5,0.0024,0,0,3,1,0,0,OPEN,2026-09-08,2026-07-20
SYN-0979,Synthetic Product,CVE-2023-36862,9.6,0.0751,0,0,3,5,1,1,OPEN,2026-08-20,2026-07-20
SYN-0980,Synthetic Product,CVE-2021-91478,6.4,0.0422,0,0,3,3,0,0,OPEN,2026-10-03,2026-07-20
SYN-0981,Synthetic Product,CVE-2018-8136,6.8,0.0662,0,0,5,3,1,0,OPEN,2026-07-14,2026-07-20
SYN-0982,Synthetic Product,CVE-2024-31820,8.0,0.2028,0,1,4,3,0,0,OPEN,2026-08-26,2026-07-20
SYN-0983,Synthetic Product,CVE-2018-67120,6.7,0.0826,0,0,1,3,0,1,OPEN,2026-08-06,2026-07-20
SYN-0984,Synthetic Product,CVE-2026-76458,8.1,0.2391,0,0,3,2,1,1,OPEN,2026-07-29,2026-07-20
SYN-0985,Synthetic Product,CVE-2023-4412,9.6,0.4352,0,1,4,4,1,0,OPEN,2026-09-05,2026-07-20
SYN-0986,Synthetic Product,CVE-2025-94291,7.1,0.082,0,0,2,3,1,0,OPEN,2026-09-03,2026-07-20
SYN-0987,Synthetic Product,CVE-2018-38162,9.5,0.0324,0,0,4,4,0,0,OPEN,2026-09-22,2026-07-20
SYN-0988,Synthetic Product,CVE-2018-71092,4.0,0.0153,0,0,4,5,1,1,OPEN,2026-09-26,2026-07-20
SYN-0989,Synthetic Product,CVE-2021-50237,5.5,0.302,0,0,3,4,1,1,OPEN,2026-07-22,2026-07-20
SYN-0990,Synthetic Product,CVE-2022-15588,9.9,0.2628,0,1,5,2,0,0,OPEN,2026-10-14,2026-07-20
SYN-0991,Synthetic Product,CVE-2024-19601,7.6,0.0329,0,0,4,4,0,0,OPEN,2026-08-06,2026-07-20
SYN-0992,Synthetic Product,CVE-2020-92028,6.5,0.1621,0,0,1,4,1,0,OPEN,2026-09-06,2026-07-20
SYN-0993,Synthetic Product,CVE-2020-65777,7.1,0.4097,1,1,3,3,0,0,OPEN,2026-05-29,2026-07-20
SYN-0994,Synthetic Product,CVE-2022-44442,8.6,0.0274,0,0,1,1,1,0,OPEN,2026-07-21,2026-07-20
SYN-0995,Synthetic Product,CVE-2026-94875,7.0,0.4185,0,0,5,1,1,0,OPEN,2026-07-21,2026-07-20
SYN-0996,Synthetic Product,CVE-2026-12378,7.7,0.0131,0,0,4,3,0,0,OPEN,2026-10-12,2026-07-20
SYN-0997,Synthetic Product,CVE-2021-1643,9.7,0.1153,0,1,1,4,1,0,OPEN,2026-10-02,2026-07-20
SYN-0998,Synthetic Product,CVE-2023-35176,9.8,0.0256,0,0,2,2,1,0,OPEN,2026-06-08,2026-07-20
SYN-0999,Synthetic Product,CVE-2018-80614,7.6,0.0275,0,0,1,3,1,1,OPEN,2026-07-29,2026-07-20
SYN-1000,Synthetic Product,CVE-2018-21628,6.8,0.0487,0,0,3,1,1,1,OPEN,2026-10-01,2026-07-20
